key,angle_degrees,psnr,ssim,model_inference_ms
000005,0,28.19836884175974,0.676225052874188,967.1937999992224
000013,0,24.62010182129811,0.9009053636340574,48.31220000050962
000041,0,25.815949776413905,0.8583992758459635,45.254700002260506
000042,0,24.569756791914497,0.8329760182093419,44.34469999978319
000049,0,17.085557031454506,0.31626351759413723,49.03720000220346
000052,0,26.27810287495198,0.36778765303987265,48.21350000202074
000054,0,25.811306275423203,0.6981049946006983,47.464100000070175
000058,0,31.517609533317334,0.713426655450821,47.42940000141971
000063,0,31.14901154023865,0.8057193410821706,46.03040000074543
000065,0,26.965155706852055,0.7206469988100083,45.630000000528526
000076,0,33.17869959578972,0.9058208668101947,42.995599997084355
000081,0,25.9896663666421,0.7857698304856643,45.01460000028601
000089,0,30.12546593053593,0.8640517457142342,49.148100002639694
000093,0,35.299029597820706,0.864074217617035,49.697400001605274
000095,0,35.46232335558483,0.8668662455205918,46.40640000070562
000105,0,33.672426828571446,0.9560340328778326,50.65010000180337
000118,0,26.40948288324353,0.730173141937077,49.929299999348586
000149,0,28.549609557734648,0.5365749393534511,48.28999999881489
000160,0,30.962670880018436,0.9036609902801513,50.45800000152667
000161,0,30.69178005860381,0.9030947615523338,49.346399999194546
000162,0,30.241634848508458,0.9040246975601017,51.9287000024633
000167,0,30.577286171971462,0.8389237539565377,47.65210000186926
000182,0,28.01010961622393,0.7677645724581703,45.62219999934314
000190,0,25.09273229637468,0.7922978717827126,54.54230000032112
000227,0,24.95127141169391,0.4771717980325609,53.21729999923264
000247,0,26.47722060029355,0.9258012825080566,50.62950000137789
000251,0,22.62599664109669,0.7814416859630943,49.19129999689176
000261,0,28.697148266316862,0.837411084695356,55.28979999871808
000264,0,23.85971378459771,0.7740940441215654,46.74240000167629
000270,0,26.697302697722574,0.8317972922981978,51.292199997988064
000275,0,25.081154534465945,0.346652030274868,48.15729999972973
000277,0,35.64508384920592,0.9516983215117455,45.83289999936824
000279,0,33.476958302173834,0.9227627709141671,46.414299999014474
000286,0,30.004885034502394,0.7813729993796759,51.24219999925117
000287,0,31.53620734281164,0.7669228132398949,51.42100000011851
000290,0,22.528618407794095,0.6742285043235384,46.22119999839924
000294,0,25.566202265473667,0.37382053445960584,48.58999999851221
000295,0,25.09603198613683,0.3611597225859584,46.402099997067126
000301,0,29.448974312507833,0.8964322499120235,46.753099999477854
000314,0,36.1269486968891,0.8550453130989075,46.188899999833666
000320,0,21.7945666211028,0.6508388904694523,45.687900001212256
000323,0,28.582020773985803,0.8431327395835295,44.950200001039775
000325,0,31.219145258244964,0.9200137020209422,47.512699999060715
000333,0,25.92642313284225,0.7707887323190495,48.92389999804436
000339,0,34.60759325095723,0.9172498316065073,48.01539999971283
000349,0,26.382456312089964,0.71504334057297,45.52909999983967
000355,0,14.866932112678889,0.3292118615358141,47.60840000017197
000364,0,25.026037123200165,0.7683317610615679,48.40220000187401
000366,0,29.13391351454569,0.8578640215641707,50.44920000000275
000391,0,34.69840937384055,0.8977865773421526,49.808499999926426
000397,0,25.271967667337453,0.3241260128148892,48.83530000006431
000398,0,22.27268017513095,0.2250111933812232,48.26419999881182
000401,0,30.88050784838518,0.780292478313569,46.45869999876595
000410,0,34.634287623034645,0.8674976187758445,52.26409999886528
000414,0,21.369523764232156,0.6145167148389797,46.95010000068578
000423,0,30.371843937272878,0.6845296769185364,46.7997000014293
000428,0,27.854530531530614,0.8837177317884565,46.62649999954738
000432,0,30.06763813569772,0.850322056150049,59.09000000247033
000437,0,31.901998189073353,0.8914673876377344,44.59399999905145
000438,0,31.99655281399508,0.8899327493747622,47.42110000006505
000440,0,28.479752220139517,0.8163512149645598,48.65510000308859
000442,0,31.377936796012285,0.862067832415767,47.16980000011972
000446,0,29.272687805591175,0.7992176034990214,48.61799999707728
000450,0,31.893767424486015,0.8573212668296099,50.699000003078254
000456,0,24.996675960490123,0.5937033018603651,46.37619999994058
000458,0,24.120279560363358,0.6764557077381671,47.41930000091088
000459,0,24.242493317461072,0.6821987919566296,47.32259999946109
000462,0,35.42553884689633,0.9525815172348022,46.58539999945788
000485,0,34.40631417143436,0.8501143173542023,47.16510000071139
000490,0,25.246190258765573,0.8015956085586473,51.48199999894132
000491,0,25.92289515330215,0.8179456604404449,46.40020000078948
000494,0,24.21718487954287,0.313670282267496,44.88819999824045
000499,0,23.699887981346567,0.6602861607747902,47.376999998959946
000503,0,26.399390989240782,0.6657043750522565,49.06299999856856
000515,0,17.11792852563838,0.58700475729509,56.33060000036494
000525,0,30.983508610301655,0.6586132921731472,48.12329999913345
000528,0,32.499513097276825,0.883383447203748,48.927899999398505
000533,0,23.37661643092312,0.6804582101240751,48.541000000113854
000534,0,23.695554604165977,0.7436272985614398,48.66069999843603
000535,0,23.994652282184845,0.752913473667128,52.97029999928782
000545,0,29.680235496276318,0.8947351320083737,50.76099999860162
000555,0,31.839903102403447,0.8601468881020546,51.57669999971404
000562,0,22.524325860582145,0.5488793131228592,47.88819999885163
000564,0,31.507891413081378,0.8258117791550541,47.20590000215452
000604,0,22.70131596989947,0.8815287827481442,49.31329999817535
000633,0,30.336081050362328,0.8539003251241939,47.89669999809121
000641,0,20.482576814652464,0.3999573764061568,51.97989999942365
000642,0,20.31003302398991,0.4121222639742524,54.84509999951115
000661,0,32.59618473037163,0.7353293408002853,53.74859999938053
000667,0,34.33952638341362,0.9840894110563994,46.859300000505755
000669,0,27.700871969252514,0.6917941458622441,47.61030000008759
000675,0,26.581513970449656,0.8576537288441658,49.79100000127801
000687,0,29.564309083154775,0.8240371314193914,45.571900001959875
000689,0,26.263362783310413,0.8887155038549602,47.65679999763961
000690,0,25.56447413056549,0.8609152082888522,46.84869999982766
000706,0,20.548158173625527,0.29785179590911093,49.23590000180411
000707,0,20.959666362624475,0.30359376490107204,47.98139999911655
000718,0,20.356149130573534,0.7658591396612376,48.34679999839864
000721,0,27.439005015454914,0.9155997245993615,48.905800002103206
000732,0,21.93159020502694,0.6779569678720853,52.50770000202465
000735,0,24.467042167178313,0.4553287130787112,51.454100001137704
000746,0,33.35602503572943,0.734129697177887,45.2703000009933
000749,0,25.288375690391454,0.7487880190898627,46.20579999755137
000752,0,29.986713488195367,0.6964176202139324,47.26429999936954
000760,0,24.25408667118221,0.31281052235046775,49.71360000126879
000764,0,20.29050895067782,0.7703589647250474,49.92549999951734
000778,0,22.486056016068638,0.5345993398502358,46.59909999827505
000781,0,30.63025882674779,0.7672428773319125,46.88999999780208
000805,0,38.14091162524624,0.9473008973069191,48.70930000106455
000807,0,35.0865447821178,0.9238119236717224,53.888000002189074
000809,0,31.975509244417225,0.9303638785638809,49.84630000035395
000816,0,29.54457275759698,0.746552063027367,51.45189999893773
000820,0,21.63346902329947,0.6933677234357959,48.2536000017717
000828,0,33.25788842047793,0.8620629004974365,47.00729999967734
000830,0,33.23574664120382,0.8014084670656919,47.35479999726522
000836,0,26.960395779084223,0.8234119530644417,47.73849999764934
000838,0,29.048976196165697,0.8640504321713448,47.866000000794884
000840,0,27.398234846537108,0.8562211184455994,46.99859999891487
000844,0,25.63977554932022,0.6622730385817923,49.631699999736156
000851,0,31.42147706205098,0.8239782136569023,47.585099997377256
000861,0,25.76292744195324,0.7076776944291848,47.95080000258167
000862,0,27.010040683520977,0.7505321814370887,46.49109999809298
000867,0,23.036788750444742,0.3597619963996895,50.9063999998034
000886,0,30.165757174874898,0.894210962847881,46.08820000066771
000893,0,29.67275585411375,0.8452551695133224,46.45150000214926
000908,0,27.804809998396717,0.8324360635644198,55.847899999207584
000915,0,23.661582962051927,0.7837315833542049,46.29449999993085
000926,0,30.394118392873317,0.6721821838904619,46.54620000292198
000930,0,27.24306174300533,0.7900363977769832,46.513200002664234
000938,0,33.15435968723297,0.8058257451655417,46.54659999869182
000948,0,27.667679217516948,0.840100291423887,49.23319999943487
000949,0,34.60430953022566,0.9162801421093941,51.328399997146334
000961,0,33.2267643632376,0.7556900766558647,48.74019999988377
000962,0,31.624294826147363,0.7161804993622303,47.30079999717418
000966,0,31.03363812989398,0.9024313008485436,46.0257000013371
000978,0,35.31204917789408,0.9819174883279801,47.1508000009635
000984,0,10.821256775169,0.3109658525137488,52.69419999967795
000986,0,27.260564958306386,0.8261594558250253,46.18289999780245
000987,0,28.229082350712194,0.8652129214026145,47.108200000366196
000995,0,32.468934210947644,0.6887683683276177,46.64260000208742
000998,0,29.976526672878563,0.8673178560097804,49.01889999746345
001007,0,33.73712487997935,0.8745358779458999,45.7258999995247
001013,0,30.44557591685098,0.9484095745965838,47.52379999990808
001022,0,25.484772440255693,0.7239143967720475,44.24230000222451
001023,0,26.56794965055163,0.7837765891062468,46.0376000010001
001028,0,28.28698468830309,0.882623533513777,46.946000002208166
001039,0,24.787841841445072,0.6758752664361712,45.01289999825531
001041,0,21.115640751206293,0.8042380273274491,47.207799998432165
001042,0,21.497244596334006,0.81888010500002,45.43310000008205
001046,0,31.86423218186443,0.8575646846594811,47.035899999173125
001051,0,30.701555474470812,0.7628509691209793,49.60949999804143
001056,0,23.168280487952448,0.694648580429086,49.19759999756934
001058,0,22.11371022943622,0.6539862772977462,47.71740000069258
001065,0,33.388570007116066,0.7676959745721519,44.816699999501
001081,0,38.27428678002649,0.9258267470026016,48.19839999981923
001089,0,29.193089141252514,0.9044923844923973,48.96519999965676
001092,0,24.81040088733264,0.815098352233909,49.05040000085137
001099,0,26.480530354173787,0.8344183605454769,46.9178000021202
001114,0,31.821474094416512,0.8814112105933875,47.75620000145864
001117,0,28.144063575747744,0.6730064075563038,48.337600001104875
001123,0,25.51438283220161,0.8093553142434503,47.45550000006915
001127,0,28.198481944564023,0.8416128199028969,45.81709999911254
001137,0,27.997907503957155,0.8249231107005774,45.79369999919436
001146,0,25.974354278365045,0.8497953914378504,47.85160000028554
001158,0,27.18829900900401,0.5280101487378637,45.9910999998101
001161,0,32.29873540509795,0.8078776954655648,48.65280000012717
001173,0,31.128121649919173,0.8841955404192209,43.99040000134846
001181,0,25.060879386559556,0.6678460970774666,45.790000000124564
001182,0,25.295515415996114,0.6776920899099484,48.81240000031539
001186,0,27.73395054155722,0.8361985669907331,51.325799999176525
001194,0,37.180259236726506,0.9570821449244022,47.79209999833256
001199,0,34.97463463281716,0.7937955240335465,48.09130000285222
001210,0,22.715263130067356,0.6953834801397254,46.034499999223044
001211,0,23.200378441867354,0.7087590245566889,61.6489999993064
001214,0,20.569368268029578,0.7593115428021204,48.17209999964689
001219,0,27.746185961959572,0.8043535204208121,54.386100000556326
001238,0,31.244000723631196,0.8944424425520897,51.66319999989355
001240,0,26.6999867595597,0.733853334194934,49.830299998575356
001245,0,29.34806243577675,0.8379737465642765,48.654199999873526
001252,0,26.267186738458783,0.7166200592902974,49.89760000171373
001253,0,29.17931936750088,0.8094939041473791,48.913599999650614
001259,0,36.45351824811779,0.9682816941440906,50.84690000148839
001275,0,29.094528232588853,0.8638741741769502,45.56769999908283
001278,0,26.297702568196257,0.7488357243388221,47.84959999960847
001279,0,26.099878368671163,0.7387460228499397,49.27490000045509
001281,0,22.389945309718936,0.5089518530676178,44.41840000072261
001286,0,19.479173987949675,0.3608878428159768,47.831900003075134
001287,0,19.333099368492014,0.3527452829745475,46.45810000147321
001294,0,30.72344327353568,0.7799372980919629,48.192199999903096
001296,0,30.158748968718182,0.8351139096245566,45.30789999989793
001307,0,22.79951290124526,0.5078147307103636,47.969700000976445
001308,0,24.673900036112464,0.8818907874462605,45.857999997679144
001315,0,19.034215661687067,0.6455185270196684,43.810999999550404
001316,0,28.39139963095033,0.8686369843019843,48.44059999959427
001317,0,30.386723507697504,0.908534376685381,47.34409999946365
001324,0,33.495423371930144,0.7380158126159906,50.02280000189785
001349,0,36.79346671051139,0.9199853288240433,49.08370000339346
001351,0,34.83778307421997,0.8327334039430618,47.18209999919054
001353,0,31.122668736425524,0.7146090390367508,46.053800000663614
001356,0,22.920236245075827,0.6926771135274693,45.72540000299341
001362,0,23.290688059824127,0.3381719444584261,49.33399999936228
001363,0,23.98015540231965,0.3533883579050433,46.76349999863305
001365,0,25.87551476083144,0.7528146324398843,46.79089999990538
001371,0,23.286325803967856,0.6968674695149255,46.17019999932381
001377,0,26.198385575147256,0.7006389309056908,50.645499999518506
001383,0,23.84540754728013,0.7617314064297537,49.764999999752035
001393,0,29.626664825829607,0.7199270645436794,49.252599997998914
001394,0,30.396518143532013,0.7382729465875626,47.80580000078771
001396,0,26.509531005847606,0.7379867359734718,46.21649999899091
001402,0,34.55262152788744,0.9025044910976887,48.75209999954677
001408,0,32.40018888273629,0.951794751448784,45.39199999999255
001409,0,35.8967234658395,0.9184498923187255,47.2020999986853
001413,0,21.2417389718602,0.7476425200212603,45.18839999946067
001420,0,25.864252136001657,0.7304973778937391,50.07889999978943
001442,0,27.886619561914472,0.7936284238626491,50.68809999647783
001465,0,35.46383322120062,0.9383516279144287,52.40369999955874
001499,0,32.64978637651076,0.9333518005614281,48.79110000183573
001505,0,26.386230400418306,0.701832550999023,44.778399998904206
001507,0,27.962773180105142,0.7353735582469436,47.55540000041947
001508,0,22.577813289241824,0.7233076656879122,44.894799997564405
001513,0,25.214137604658823,0.7580281907098889,45.937300001241965
001524,0,28.852719772731344,0.900760288299784,45.37449999770615
001526,0,39.277123320857214,0.9521101139578819,50.35889999999199
001527,0,37.906919579619085,0.941245308371067,46.443299997918075
001528,0,24.76388868758469,0.7386281368129952,45.9536999987904
001530,0,30.10358339700087,0.6584124366543144,47.33489999853191
001532,0,34.90137128178507,0.8242943370485306,49.714500000845874
001534,0,27.312921470645467,0.8565927416354678,49.80410000280244
001540,0,31.823782289143058,0.9398954916803837,46.76590000235592
001544,0,24.453056893044355,0.7887563262683153,48.10970000107773
001545,0,31.734834424400233,0.8716883383542299,45.78640000181622
001550,0,29.785406806771476,0.8661028880824111,49.49979999946663
001552,0,21.93800718141855,0.8181628059840277,49.73679999966407
001553,0,25.7830228047399,0.7340504573126976,47.59170000033919
001561,0,25.082908837630008,0.8508436636271923,49.83670000001439
001564,0,33.68240073124682,0.9326121150243283,51.58769999979995
001572,0,20.18975702805089,0.633835912503934,51.67789999904926
001573,0,20.37179031284726,0.7056188953382377,50.37850000007893
001579,0,35.96811141427065,0.9290286539688111,47.496900002443
001595,0,29.11520837488215,0.6057421669503897,45.75019999901997
001602,0,23.68963303527517,0.7803343569621844,47.73330000170972
001610,0,27.12337990885166,0.8428843567590015,49.302700001135236
001621,0,31.43676506494359,0.8625488457617909,49.38659999970696
001623,0,32.35447311415315,0.883500508644253,50.05200000232435
001626,0,25.03755063821856,0.7508132825484953,49.237300001550466
001630,0,28.158276433866313,0.8706833177977205,53.943300001265015
001633,0,29.51803159911948,0.6369055289759636,54.73770000025979
001649,0,30.76063457889504,0.8245480747234821,44.30560000037076
001658,0,25.285189426940565,0.7244356687257705,46.992400002636714
001661,0,31.364116421480123,0.9283280609202385,49.81980000229669
001669,0,21.236742692429257,0.366554881609163,53.316800000175135
001672,0,28.900459315903703,0.8502411618970036,43.52139999900828
001679,0,25.043536056661928,0.7701872818111759,48.141399998712586
001697,0,31.242824521046884,0.7123060489238798,53.2130000028701
001726,0,23.789443724670747,0.6902277899303139,50.72370000198134
001732,0,34.957388764886176,0.8768177078065872,48.296400000253925
001733,0,33.54117579948409,0.8262400232899916,50.677499999437714
001735,0,35.331637962042905,0.852172800855875,45.9006999990379
001737,0,28.624665817335774,0.860874541836828,47.094199999264674
001742,0,28.594085695381555,0.8247350594475679,45.83279999860679
001746,0,20.652392907165023,0.7110104365860302,48.5690000023169
001775,0,26.518550268861848,0.6607340505415201,48.14509999778238
001786,0,25.39302432151566,0.8311306028565988,49.2895999996108
001793,0,23.06475738344522,0.59992638326253,48.70590000064112
001802,0,36.901176092951786,0.9138276446971894,49.08960000102525
001809,0,36.896130506025465,0.9643614783391953,47.25719999987632
001810,0,36.019709535277705,0.9689729811792374,49.15839999739546
001815,0,24.48942937411642,0.8010556350604594,48.27629999999772
001824,0,27.870388666675282,0.8413522759949118,46.1832000000868
001836,0,22.864091636068224,0.7202601334404126,45.248399997944944
001842,0,29.579427134346254,0.8021801457172558,46.49080000308459
001856,0,35.65092831040455,0.9181103235063552,46.66399999769055
001861,0,30.833966850888814,0.6382457717533112,46.64500000217231
001880,0,26.098096962957584,0.7432850697421464,47.98409999784781
001885,0,32.907216486043694,0.9632097266574279,47.39480000353069
001896,0,30.784593458726953,0.9119678282917738,44.921299999259645
001900,0,32.09609218043332,0.9130290668982044,47.45249999905354
001901,0,33.45610051567888,0.9543197220492363,50.77539999911096
001911,0,30.881269452433404,0.8703902359859943,48.18339999837917
001915,0,24.60377320102107,0.691812477302148,46.17390000203159
001941,0,22.920827004289883,0.7229472170512415,47.706399996968685
001949,0,27.879531219967916,0.8817013114431724,44.63960000066436
001951,0,27.562878923145803,0.8867613377014659,46.469699998851866
001954,0,36.22688344800418,0.9535944449167252,46.26510000161943
001956,0,21.173954003348825,0.6234765864159378,47.6539999981469
001967,0,27.413216034705474,0.7792718370875493,47.60870000245632
001969,0,29.304537782181164,0.577024833922267,50.41739999796846
001970,0,29.321812793104705,0.5732268861111403,49.28250000011758
001987,0,31.83349074498984,0.7977178380181194,48.501799999939976
001992,0,36.16727119611073,0.9755381499358415,47.8168999979971
001994,0,24.04342723324744,0.7090619252409786,50.99450000125216
002001,0,28.489080336224752,0.506755715126276,49.29360000096494
002011,0,31.129827957010395,0.7043467531511783,63.921199998731026
002015,0,31.77735671996736,0.9148291602246761,46.20030000296538
002035,0,27.01362444741015,0.7669064725915715,48.21539999829838
002042,0,17.84699249598189,0.5705089428221374,43.508399998245295
002044,0,24.239686372182497,0.8096791259411257,45.90259999895352
002061,0,28.669485721768417,0.7184625409096181,47.20939999970142
002064,0,27.01560036176045,0.44487313732069733,49.28060000020196
002067,0,23.405659530678804,0.7074950188242607,48.187999997026054
002080,0,22.441875462319327,0.7440417908350567,50.30320000150823
002082,0,29.878818885668288,0.5445506157765388,48.14319999786676
002085,0,26.047469117807548,0.5839846241221281,50.10069999843836
002087,0,26.728532065798266,0.6518897150320876,44.960299997910624
002097,0,30.326611741696574,0.6654035331275463,47.51830000168411
002106,0,30.898529392952504,0.6347960359345675,45.92430000047898
002111,0,26.624439041602596,0.8441768175362907,47.1728999982588
002121,0,27.639526667718503,0.7321212716518724,49.844500001199776
002132,0,26.585083266458955,0.8081323190905065,48.98020000109682
002147,0,22.00342422888046,0.6304596872541904,46.43370000121649
002150,0,35.29087616330628,0.9207732736773491,45.521199997892836
002153,0,25.05756595702307,0.3289908852569163,48.85610000201268
002154,0,25.03488576525482,0.3199099875451326,53.82789999930537
002156,0,25.11675876366592,0.7898840997271184,50.79900000055204
002157,0,29.298297380992032,0.7506898990848102,52.14890000206651
002165,0,31.895783214947386,0.8347735515196323,49.50480000115931
002170,0,31.541099194292332,0.9295215910402537,46.24569999941741
002187,0,31.92268824656223,0.9055157593038418,48.14989999795216
002189,0,24.282664861253313,0.7812785634365614,48.38200000085635
002213,0,34.50138367413877,0.8658154254431725,57.21830000038608
002215,0,33.633348791911246,0.8604894826920032,48.64829999860376
002218,0,37.51648408033893,0.9265545013623238,46.213300000090385
002225,0,41.9899295875457,0.9655165645923615,47.36190000039642
002226,0,41.61130492932246,0.9666101961970329,47.34370000005583
002229,0,32.26226122500167,0.8524078341220618,46.3664000017161
002237,0,23.556868271703344,0.8145100046639517,48.86590000023716
002239,0,22.442689995774074,0.7834393163047135,46.211000000766944
002248,0,22.790986455157913,0.8108590621916386,46.984700002212776
002253,0,25.876798813304607,0.5721572410642206,44.974299999012146
002255,0,25.7689342610886,0.571077035400806,48.86179999812157
002258,0,20.58487101665039,0.8412570972157121,51.39530000087689
002260,0,21.649957678999996,0.7405562803654494,52.81549999926938
002263,0,32.78488584687671,0.876434348328352,48.09459999887622
002275,0,37.39574193745627,0.9434432527776658,53.62070000046515
002290,0,29.966882226149995,0.8735828280281276,57.756300000619376
002294,0,24.636242239969025,0.7864053343343884,50.278399998205714
002297,0,29.541748389676698,0.8208836976653338,55.36440000287257
002299,0,28.39623257841619,0.773390915881957,46.963300002971664
002305,0,27.262887765727918,0.6199848658374482,54.689000000507804
002314,0,27.8453943822985,0.8921145910595953,47.61320000034175
002318,0,19.246694392196297,0.649504803247463,52.032100000360515
002328,0,24.037931096595106,0.5806715763928776,44.986400000198046
002335,0,35.488716190417485,0.8424631101417541,48.68789999818546
002344,0,30.697669562439557,0.92081479696697,46.08659999939846
002348,0,27.67827195328561,0.8827088236610889,47.25790000156849
002356,0,30.382335419907278,0.8905550762290955,46.92770000110613
002359,0,42.180794862763086,0.9812246891727447,45.97490000014659
002361,0,24.832887898116276,0.820630696139371,49.847099999169586
002364,0,26.836825611231014,0.7733942186902817,54.36790000021574
002365,0,33.52887119444692,0.9583923554000855,44.173100002808496
002377,0,25.012114611125853,0.7296344073649691,49.09190000034869
002383,0,26.308567188721625,0.43757529526512323,53.24779999864404
002396,0,26.03324044425097,0.7780601045092195,47.797700000955956
002406,0,33.40661141138848,0.9073012666864395,44.30259999935515
002407,0,34.20484030385572,0.9221421325244904,47.35889999938081
002410,0,21.89969707539252,0.7091613217825368,51.82830000194372
002420,0,32.878643652187776,0.797328770354271,50.66639999859035
002423,0,32.48034006832212,0.9003866730842218,50.57709999891813
002424,0,36.385355179889345,0.9291725919137,48.96060000100988
002431,0,26.815598621456115,0.7417197127582915,46.1180999991484
002440,0,28.602138823908763,0.8381992679418474,46.14439999932074
002452,0,33.638780812988685,0.9068948931769133,49.549300001672236
002455,0,28.352718860042735,0.8843489549286365,44.28949999783072
002459,0,24.407986228646344,0.8563484312674999,43.817500001750886
002464,0,32.56108460388429,0.6902215734314918,48.443899999256246
002471,0,28.24127366270808,0.4643250949440598,45.77939999944647
002476,0,28.914114006588846,0.7532207779433736,45.4334000023664
002480,0,25.536637217992414,0.7730767524390565,45.5614999991667
002491,0,29.688029839612824,0.6402020936192274,47.3100000017439
002497,0,30.63288741905376,0.7478936810371876,48.46180000095046
002499,0,31.08863207780409,0.7585720114952922,48.73389999920619
002500,0,27.374852820453455,0.863877762672089,46.416600001975894
002508,0,26.9746147180285,0.752249417956952,45.95999999946798
002513,0,31.03581048010326,0.9336426302852631,47.29429999861168
002514,0,30.367587415971208,0.9215541096727848,42.77619999993476
002529,0,35.89313974619583,0.9510015140161514,54.56830000184709
002535,0,18.02600444699969,0.5205331369078146,46.27299999992829
002545,0,26.93561531733973,0.7456832982943831,44.829399997979635
002548,0,26.39931708124027,0.7611323199275378,45.724799998424714
002555,0,29.788333963071235,0.6410405854890346,50.00750000181142
002567,0,25.12065670035437,0.4959867004409065,47.87249999935739
002570,0,27.03907738977772,0.5005840641941719,48.352300000260584
002571,0,27.636254045780937,0.504110255436331,47.21699999936391
002572,0,33.00814748699371,0.9404276900554895,49.77389999839943
002591,0,27.17452428010169,0.8826547984205987,47.93040000004112
002607,0,22.809751363195655,0.2943759025402962,46.64960000081919
002608,0,34.383883148554666,0.9232227386443616,45.98670000268612
002609,0,31.167487144051872,0.9317307001957893,46.113799999147886
002614,0,31.484269159901693,0.8614838762388229,46.35719999714638
002616,0,23.263355769661022,0.7062386425329457,49.71859999932349
002622,0,30.740882137127624,0.8004224420413375,46.31559999688761
002623,0,30.022579951668064,0.7842008078035116,46.63599999912549
002632,0,25.440713366965603,0.7814769472177029,50.38369999965653
002635,0,20.715063700840112,0.38080412571858135,49.14910000297823
002642,0,21.909521002974415,0.7191933889847957,51.61199999929522
002645,0,33.77227922264741,0.898413854973793,50.77259999961825
002648,0,28.99245134050755,0.7700738367240317,56.25850000069477
002659,0,30.770942462794913,0.8207131875471398,51.4115000005404
002665,0,26.980717635570663,0.8043434974593967,47.05560000002151
002669,0,25.07628188647699,0.7529892467233427,51.6736999998102
002670,0,25.92299874593425,0.7545521163083035,48.354700000345474
002676,0,29.77855079662218,0.7158170328333937,46.41949999859207
002685,0,31.365326106706974,0.9300615209819079,50.2861999993911
002686,0,31.017080405213747,0.9238795821147873,53.40670000077807
002702,0,34.56956065118673,0.8508692312107086,52.915299998858245
002706,0,22.595571510982477,0.8370606761518716,50.40980000194395
002709,0,28.32765790138391,0.7457501407720619,50.89140000200132
002713,0,20.429375761279907,0.3760946042267992,50.93769999803044
002715,0,20.2933877562222,0.37181972118999473,48.862600000575185
002717,0,27.0863882895669,0.831571064858079,51.28289999993285
002720,0,21.471939824251344,0.7800073817654326,47.123200001806254
002743,0,19.649458379429724,0.6185212156266954,49.05099999814411
002750,0,25.413551169050876,0.6974260250001549,49.91200000222307
002757,0,23.19795062583475,0.3898142846023869,51.17789999712841
002769,0,24.480709250368115,0.46820170114997767,47.82059999706689
002775,0,27.200693338956956,0.809500007228896,55.765199998859316
002778,0,22.427383706023644,0.7755811455456382,47.30740000013611
002781,0,23.849984552264317,0.7799433736446499,47.50720000083675
002782,0,24.07117433113803,0.7844782595065832,50.81070000233012
002798,0,29.20346708777238,0.5337096180940867,51.50760000105947
002804,0,27.404991290870907,0.7585263906254228,46.90580000169575
002811,0,29.632061948534908,0.7059091124780178,47.98099999970873
002817,0,29.928272255767364,0.7470778496083096,48.42079999798443
002827,0,22.969328266040012,0.5851586016862615,48.43009999967762
002828,0,35.96056614285135,0.9546337928938866,50.20739999963553
002836,0,31.99747698111848,0.9486197883968354,47.873399998934474
002838,0,36.299568803887475,0.9469321665821075,46.048699998209486
002839,0,35.684616320337675,0.9429288219079971,47.56959999940591
002845,0,28.910377277731133,0.771708662839152,48.40179999882821
002846,0,28.187873697263697,0.7576196249506018,46.152899998560315
002847,0,30.401733749422743,0.7914501235619634,46.61339999802294
002857,0,37.61536774164753,0.8990292805509568,46.61620000115363
002859,0,37.47272182351988,0.891983401462555,45.51990000254591
002863,0,25.229499818209632,0.7999726512537955,47.99239999920246
002864,0,27.252220571467312,0.787840715386875,48.066400002426235
002865,0,29.00649828302622,0.796835655422613,50.14660000233562
002869,0,34.190588253793386,0.8266829557411969,48.692899999878136
002882,0,29.33028221424159,0.8430516595597454,53.890499999397434
002894,0,32.73908179847096,0.771368255357027,53.340999998908956
002900,0,23.86448471555549,0.8164173680148944,55.879100000311155
002921,0,29.262285444543757,0.7848402537139579,48.02480000216747
002925,0,22.202766616686624,0.291976349891751,48.72299999988172
002926,0,21.417652780082662,0.2815020774409997,47.77829999875394
002930,0,21.858860213797332,0.5473771118566684,44.872599999507656
002936,0,31.950293564530003,0.9042721473135948,51.056899999821326
002942,0,26.895081356169985,0.6399371120691597,48.45539999951143
002943,0,26.922470692138543,0.6209551857731472,49.23380000036559
002958,0,26.81622444446639,0.7155032164559849,50.139899998612236
002967,0,28.388737021882303,0.8622716831757613,50.224999999045394
002983,0,10.89115985348148,0.31749256468648285,50.07370000021183
002998,0,30.269337824315063,0.7299320680760071,48.359000000345986
002999,0,31.17390404004627,0.7695113671847283,48.45249999925727
003007,0,24.188241118886765,0.8021448523035198,47.98569999911706
003010,0,25.754831535163305,0.5393278153794019,47.12210000070627
003021,0,24.435229536702643,0.8289232673838138,50.20220000005793
003027,0,29.263292647717826,0.6279188141719774,45.46860000118613
003043,0,25.920613757841984,0.8675595377704353,46.26340000322671
003047,0,30.966862488651323,0.6327775821418762,47.27460000140127
003063,0,32.110542850120154,0.9375685579590798,48.6864999984391
003065,0,28.43132412300786,0.8581411809713244,47.64680000153021
003068,0,27.204159050645224,0.8555203334873384,46.56379999869387
003072,0,24.955290963941955,0.8758952910045199,49.37140000038198
003073,0,33.783127143159675,0.8783473001220375,45.789899999363115
003076,0,26.026440621938733,0.817848105364115,49.49950000082026
003080,0,29.88878073061089,0.8873471990531683,47.79140000027837
003081,0,29.16396815246425,0.8014818873493839,50.39129999931902
003082,0,28.31175783517721,0.7649635107524196,46.31109999900218
003095,0,24.998740642035862,0.706389797861743,45.980899998539826
003099,0,25.568958602179546,0.7301307104741661,47.236300000804476
003109,0,29.486837486525275,0.8140782722006533,49.745600001187995
003110,0,28.80623466560317,0.7926662569567747,45.608499996887986
003129,0,30.92420320834187,0.6224282105406448,43.99069999999483
003136,0,22.95078255926596,0.7095277189234123,47.77449999892269
003160,0,26.05151497298587,0.8010233899056847,47.381700002006255
003163,0,24.11130704543288,0.7803755925495252,44.38020000088727
003166,0,28.44011271581905,0.8618310517397151,45.79809999995632
003169,0,31.733312693182164,0.7933934995832443,45.5376999998407
003177,0,22.222785239753456,0.721762660087117,45.28570000184118
003186,0,25.09365863477937,0.8329483681958542,48.5740000003716
003193,0,28.03975757220841,0.8880230370712727,46.36369999934686
000005,90,28.173267150614233,0.6752541147234626,46.38619999968796
000013,90,24.63120278694083,0.9010405971283838,51.75420000159647
000041,90,25.84517542236462,0.8594289540655836,46.86580000270624
000042,90,24.71885591620215,0.8371644313937053,49.50199999802862
000049,90,17.073704762893385,0.3161187458661724,41.360100000019884
000052,90,26.280729292094094,0.3682160321483612,49.01350000000093
000054,90,25.826524954883187,0.7001903782845735,46.290300000691786
000058,90,31.52756874528066,0.7127821532092095,51.70949999956065
000063,90,31.16947899395828,0.8064743922960683,50.60579999917536
000065,90,26.876029860041733,0.7163236424299274,48.19150000184891
000076,90,33.137018272214,0.9049330344071053,45.06469999978435
000081,90,25.979333826868192,0.7845316720844544,45.525800000177696
000089,90,30.0381100363208,0.8617729971131831,47.90000000139116
000093,90,35.25687037509012,0.8638934381079674,47.473799997533206
000095,90,35.412238303370174,0.8667784094061851,47.29130000123405
000105,90,33.670758434991555,0.955882082667157,48.27519999889773
000118,90,26.441443543964645,0.7299518760154843,50.111399999877904
000149,90,28.529983028569124,0.5370659385809079,46.70009999972535
000160,90,30.90951034508273,0.9028198429288864,50.604799998836825
000161,90,30.70332569361929,0.9028266528394222,47.96659999919939
000162,90,30.31234476801589,0.9048308620748818,46.02569999769912
000167,90,30.50033510201045,0.8371710061803609,50.39050000050338
000182,90,28.041129328337103,0.767834006255175,47.967700000299374
000190,90,25.094107423118665,0.7939558916285187,51.09199999787961
000227,90,24.982531063044007,0.4774137447540965,49.5723000021826
000247,90,26.46952342576659,0.9250485617763642,52.95979999937117
000251,90,22.613093711648173,0.7810691996104717,49.69049999999697
000261,90,28.706839249594857,0.8374857571119294,47.18679999859887
000264,90,23.87671517498589,0.773478416385971,48.09210000166786
000270,90,26.62548752511254,0.831278096571207,50.95450000226265
000275,90,25.07854205454467,0.3452051331744939,50.80620000080671
000277,90,35.62534000012322,0.9510954940390587,51.50370000046678
000279,90,33.49754059496139,0.9227827807949036,47.6301999988209
000286,90,30.057617574928926,0.7819719817621187,49.79830000229413
000287,90,31.51825429966127,0.7650324122062996,47.24200000055134
000290,90,22.561045983336868,0.6730665740433754,51.68090000006487
000294,90,25.603101546027453,0.3729972542475425,46.302600003400585
000295,90,25.173203947110558,0.3600161304943557,45.33109999829321
000301,90,29.49826604271675,0.8973662781912088,51.981000000523636
000314,90,36.10201091809356,0.8548999296760559,49.76069999975152
000320,90,21.806930283329436,0.6482921116595296,45.48200000135694
000323,90,28.59566760694353,0.84388813070466,45.05490000155987
000325,90,31.195888493302,0.9194960544911102,47.21650000283262
000333,90,25.917744014128466,0.7707602542225267,47.91520000071614
000339,90,34.59210405339277,0.9167029428773821,46.06440000134171
000349,90,26.31825239343007,0.7101336103038343,48.12540000057197
000355,90,14.866047533691432,0.32923572909531007,46.752600002946565
000364,90,24.971186474481428,0.7690302820454277,50.52889999933541
000366,90,29.046870467026565,0.8558293887642286,51.06620000151452
000391,90,34.71330066789166,0.8984905364367962,50.275999998120824
000397,90,25.266321498398668,0.3245035263908263,46.738000000914326
000398,90,22.27086916212545,0.22315944430189788,47.79930000222521
000401,90,30.95098302439626,0.7817763191247656,54.908599999180296
000410,90,34.62236989071728,0.8675463135838508,50.46990000118967
000414,90,21.42533647994147,0.6125512536033108,47.37310000200523
000423,90,30.383219506518316,0.6849548873968423,53.50739999994403
000428,90,27.828275584836337,0.8836458379414082,56.788500001857756
000432,90,30.11310269949494,0.8509029987241011,48.18130000057863
000437,90,31.88865350069615,0.8920853332263231,47.052800000528805
000438,90,31.991934661818608,0.8901555892218426,46.56050000266987
000440,90,28.481019097960875,0.8171124648294243,52.61969999992289
000442,90,31.365108063623644,0.862130386166282,49.43920000005164
000446,90,29.286609519813112,0.7989173517233134,51.69069999828935
000450,90,31.887571208624937,0.8573468555164337,48.05349999878672
000456,90,24.98127228350651,0.5896399446180612,51.216500000009546
000458,90,24.149274955285133,0.6768612988256761,49.60399999981746
000459,90,24.24361726814036,0.6813723163285386,47.64139999679173
000462,90,35.41359295547866,0.9524628497710228,48.86389999956009
000485,90,34.3436770356511,0.848507128758192,45.460800000000745
000490,90,25.246115916776894,0.8014404558072676,50.39979999855859
000491,90,25.9350315799977,0.8180129068588987,50.77740000342601
000494,90,24.220152073991134,0.31423368502130733,50.2859999978682
000499,90,23.674638573160898,0.6592086908205729,48.5631999981706
000503,90,26.401586889612638,0.6662815502839368,48.80169999887585
000515,90,17.11747553546998,0.5855965986299351,56.47039999894332
000525,90,31.03619094196643,0.6605756423957347,50.11299999750918
000528,90,32.5316059400317,0.8834093264264818,47.51209999813
000533,90,23.281494770644397,0.677507950628645,47.214800000801915
000534,90,23.68753709457018,0.7426356612357515,50.98820000057458
000535,90,24.00919430123652,0.7533709327990119,49.47250000259373
000545,90,29.583475363855637,0.8946609607877731,51.008999998884974
000555,90,31.88965339563614,0.8609883311260939,51.439099999697646
000562,90,22.52781608067862,0.5486895299868817,53.89609999838285
000564,90,31.414624787320736,0.8245214610149413,48.27540000042063
000604,90,22.672273816362814,0.8789997041393594,47.58840000067721
000633,90,30.336702678473017,0.853353908031892,48.24199999711709
000641,90,20.497374487193976,0.40016328823974634,50.064800001564436
000642,90,20.312985608622487,0.41238440324830683,46.85489999974379
000661,90,32.63161065920683,0.7360002365593911,46.931500000937376
000667,90,34.27752111807483,0.984070810510993,48.92159999872092
000669,90,27.664098015437936,0.6905578701541573,46.90009999831091
000675,90,26.520580853769165,0.8580927519690991,48.66050000055111
000687,90,29.572658850865643,0.8231432858750783,51.507499996660044
000689,90,26.25743713436708,0.8885965151599236,46.92050000085146
000690,90,25.56604360245014,0.8607211124671101,47.35610000352608
000706,90,20.54290318381277,0.2974651827031291,47.74900000120397
000707,90,20.949207408253955,0.3028117469560444,45.085599998856196
000718,90,20.345068678124093,0.7643812570091933,44.52490000039688
000721,90,27.94558676331148,0.9209121248134374,45.41790000075707
000732,90,21.953094888327513,0.6772551268107605,49.64710000058403
000735,90,24.477618350142308,0.454991752382844,48.64900000029593
000746,90,33.29274689493707,0.7308254087444543,44.51370000242605
000749,90,25.30926350453848,0.7476748147129044,47.35350000191829
000752,90,30.011853895946775,0.6966583868175447,46.95449999780976
000760,90,24.266092035050534,0.3154306703609712,47.50640000202111
000764,90,20.282178813731583,0.7700185907758372,48.46040000120411
000778,90,22.52240958622,0.5436337022228176,51.13130000245292
000781,90,30.619374247885478,0.7677203710776568,45.860199999879114
000805,90,38.102265127853514,0.9472023867909908,48.722200001066085
000807,90,34.916240354512915,0.9201275162408352,46.60209999929066
000809,90,32.19697551306351,0.9310778638291359,44.54510000141454
000816,90,29.586015800451484,0.7494985410463512,47.85469999842462
000820,90,21.6515419339682,0.7014194854237652,46.40640000070562
000828,90,33.262469567703484,0.8612627923369408,48.88370000116993
000830,90,33.24582815959936,0.8019799198824167,45.898799999122275
000836,90,26.951298946557376,0.8234971851761341,48.0176000019128
000838,90,29.048311329670685,0.8644971300803423,48.4348999998474
000840,90,27.45692233939606,0.8562828080267068,48.45429999841144
000844,90,25.74835912173824,0.6671255352536314,48.11630000040168
000851,90,31.40682985023654,0.8237005484428406,47.001800001453375
000861,90,25.8494175089237,0.7081664972735583,47.38799999904586
000862,90,27.04071411885792,0.7509513816799678,48.49140000078478
000867,90,23.025622330915798,0.3595750515754381,49.0021000005072
000886,90,30.20497910448423,0.8955840561684371,47.24780000105966
000893,90,29.62446610035364,0.846828260015144,45.772699999361066
000908,90,27.810787304933854,0.8312540967891217,44.17889999967883
000915,90,23.687784081126566,0.7824701823330968,46.52490000080434
000926,90,30.303811375988154,0.6718552110945583,49.14279999866267
000930,90,27.333160881031237,0.7940704139474588,47.12419999850681
000938,90,33.21183915967799,0.8060669514208734,49.50199999802862
000948,90,27.65562083348376,0.8413877301298678,48.68319999877713
000949,90,34.523266069122286,0.915363411500454,51.36270000002696
000961,90,33.25980930107994,0.7557420212049484,50.55890000221552
000962,90,31.629879791445745,0.7159898485074043,47.03549999976531
000966,90,31.080439590443785,0.9031168070763349,49.60950000167941
000978,90,35.3946222728314,0.981901223247528,47.227399998519104
000984,90,10.828377587687434,0.31166977889909214,47.660000000178115
000986,90,27.26888193081249,0.8274378401436611,44.39690000072005
000987,90,28.172991958749854,0.8675962256651372,47.759400000359165
000995,90,32.44593445049535,0.6882509252686501,45.82929999742191
000998,90,29.898808922629648,0.8648378084497573,45.75719999775174
001007,90,33.741923927312286,0.8749696182823181,41.78850000243983
001013,90,30.462333753891798,0.9482743885085732,46.65810000005877
001022,90,25.494460448829486,0.7240231091721719,46.24040000271634
001023,90,26.570101188243598,0.7829042420285195,50.055100000463426
001028,90,28.311870945732423,0.8839396555695832,48.63429999750224
001039,90,24.76669467820345,0.6749691489203646,44.531800002005184
001041,90,21.125330918467846,0.8046127097916296,46.43470000155503
001042,90,21.49368553279466,0.8186688866813099,46.91869999805931
001046,90,31.829066427071897,0.8573828298983573,52.47939999753726
001051,90,30.577739031041396,0.7627612256319523,48.593999999866355
001056,90,23.175222320787835,0.6945630608647745,48.61149999851477
001058,90,22.120295661503864,0.6550198848542236,43.55519999808166
001065,90,33.502866371131304,0.7700669286097884,56.74920000092243
001081,90,38.26326444241191,0.9250594402618408,53.64639999970677
001089,90,29.172202223774892,0.9041413281862736,52.79860000155168
001092,90,24.78824824922173,0.8139849571027234,48.52319999918109
001099,90,26.53058077642507,0.8348411311846617,48.92230000041309
001114,90,31.84753268494235,0.8815189782827496,51.108400002704
001117,90,27.947413308296774,0.6654826467503505,51.378600001044106
001123,90,25.52784134324124,0.8078778238217496,50.80859999725362
001127,90,28.226349038346612,0.8415911997068822,49.79540000203997
001137,90,28.078922224341916,0.8272442458922546,51.63600000014412
001146,90,25.90182103968762,0.840378382454115,51.00579999998445
001158,90,27.281841750833205,0.5302715178373437,47.72650000086287
001161,90,32.312786204046645,0.8072223699021339,58.581799999956274
001173,90,31.167873160905128,0.8853717898953557,55.19500000082189
001181,90,25.05313598810239,0.6659874377353555,52.25770000106422
001182,90,25.294889224423393,0.6781412467485852,52.41859999659937
001186,90,27.765070527140338,0.8375522380459308,51.454000000376254
001194,90,37.18082420868693,0.9576464891755841,55.61680000027991
001199,90,35.014877534578424,0.7939045378408432,50.7608000007167
001210,90,22.719724252798926,0.6953032595312766,50.98290000023553
001211,90,23.184637605050437,0.7084718491819715,52.10889999943902
001214,90,20.560763962680007,0.7598677543769963,63.108000002102926
001219,90,27.761635376811103,0.8046224697188158,53.17080000168062
001238,90,31.370858468851335,0.896091337236166,50.54720000043744
001240,90,26.73180633245344,0.7336819847819182,49.59240000243881
001245,90,29.351232959284687,0.8368283869848028,56.2647000006109
001252,90,26.26579303721506,0.7159309422042035,56.910199997219024
001253,90,29.19386564011774,0.8057825468694728,48.69680000047083
001259,90,36.6180093276751,0.9691935268815588,52.15680000037537
001275,90,29.148195303071684,0.8637821035732179,53.967600000760285
001278,90,26.37597691541381,0.7496783700856063,51.70999999972992
001279,90,26.20813060181302,0.7396323872360341,51.3600000012957
001281,90,22.37526168732614,0.5081339721432221,52.110000000539
001286,90,19.495007868260178,0.3590884321222915,57.73150000095484
001287,90,19.3491784782223,0.3518732299402389,48.63900000054855
001294,90,30.524545774862023,0.7793455576205328,52.90389999936451
001296,90,30.25242535054524,0.8369237838046085,46.668000002682675
001307,90,22.749779430374815,0.5118662607770139,56.89929999789456
001308,90,24.602596443367723,0.8802628491034508,48.480299999937415
001315,90,19.05251962812939,0.645005804225667,51.27119999815477
001316,90,28.452724870092844,0.8724669643795788,46.58940000081202
001317,90,30.468053594448993,0.9115947647621035,46.22860000017681
001324,90,33.48523809583743,0.7384203993641139,54.8090999982378
001349,90,36.730574021722745,0.9195778134121895,53.41179999959422
001351,90,34.81597776726444,0.8328265727009774,56.111599998985184
001353,90,31.136791348270933,0.7135894316735267,53.8793000014266
001356,90,22.929035531576307,0.6929666081065312,57.2959000019182
001362,90,23.315733838172985,0.33861194550240403,51.14690000118571
001363,90,23.981712921487887,0.3539872205609189,48.903599999903236
001365,90,25.812320333772306,0.7356236537792592,49.56760000277427
001371,90,23.335295917602604,0.6974795572783388,51.43490000045858
001377,90,26.178876895883363,0.7009736059182244,46.22899999958463
001383,90,23.82247392336495,0.7606471050891467,56.316700000024866
001393,90,29.61850893701908,0.7196033917871416,44.330799999443116
001394,90,30.398324129165605,0.7384134905030131,45.70329999842215
001396,90,26.463865782660744,0.7374105246606986,58.99679999856744
001402,90,34.57499189126787,0.9024514632575512,49.762400001782225
001408,90,32.42963066773677,0.9522999527939716,47.07399999824702
001409,90,35.9136095698784,0.9189638095288276,46.329599997989135
001413,90,21.268371898000105,0.7469786695779985,50.793200000043726
001420,90,25.854811803781097,0.730611700958075,53.27390000093146
001442,90,27.916185640027305,0.7939164660770507,48.40110000077402
001465,90,35.55260125386643,0.9382829044704437,52.55039999974542
001499,90,32.709851243858296,0.9339351483569145,55.7539999972505
001505,90,26.36759234312292,0.7022675760927498,51.66290000124718
001507,90,27.93126115565414,0.7354390630168561,49.16379999849596
001508,90,22.592994470228554,0.7206316413312969,51.31959999926039
001513,90,25.220068615083147,0.7581762941950485,50.655700000788784
001524,90,28.872683364263345,0.9011154205846786,47.23770000055083
001526,90,39.284670147428685,0.952181325914383,48.4625999997661
001527,90,37.979994308347386,0.9422386381969452,45.97669999930076
001528,90,24.71965622690705,0.7321935779739716,47.550800001772586
001530,90,30.06506029801549,0.6581251845477223,49.5948000025237
001532,90,34.834889723628635,0.8226472627983094,47.471400001086295
001534,90,27.350900013876558,0.858702125170419,47.72759999832488
001540,90,31.769480179488937,0.9397265999350548,49.00640000050771
001544,90,24.42520348818055,0.7884897639257907,51.44310000105179
001545,90,31.757308117160928,0.8715734692149162,49.237499999435386
001550,90,29.774716814650493,0.8664023127419148,45.528200000262586
001552,90,21.927106487308286,0.8171159483684041,59.62559999898076
001553,90,25.78131356598783,0.7339731981934523,51.211800000601215
001561,90,25.088066743219322,0.851528504909113,50.06389999834937
001564,90,33.666975120546255,0.9323685753307343,48.095999998622574
001572,90,20.19682573754716,0.6345953193087308,52.08929999935208
001573,90,20.326474050443714,0.7055950048461614,56.05939999804832
001579,90,35.800390522653096,0.9270905848760604,53.64009999902919
001595,90,29.10395986525087,0.6069280876657664,48.42899999857764
001602,90,23.65328005714515,0.7793175812541284,48.09690000183764
001610,90,27.122154546317155,0.8424197972010803,51.461200000630924
001621,90,31.471135230295392,0.8643610392907001,50.31360000066343
001623,90,32.45443550717826,0.8860059747420549,59.158899999602
001626,90,25.022410441695637,0.7501807453371507,51.581800002168166
001630,90,28.2177460138888,0.8707734239183068,51.826499999151565
001633,90,29.49925716356055,0.6354048343250751,51.03200000303332
001649,90,30.77056730925602,0.8254705081996918,48.881999999139225
001658,90,25.339952322585138,0.7258896013640996,50.85210000106599
001661,90,31.669068022116488,0.9324947420423031,45.88739999962854
001669,90,21.24335260017751,0.3667510245175023,49.04050000186544
001672,90,28.91392999237976,0.8503120501039029,45.75029999978142
001679,90,25.079413071135047,0.7717388591917446,52.312299998448
001697,90,31.222366984452982,0.7114675649227798,48.262600001180544
001726,90,23.813675194817115,0.6910388067367866,49.89490000298247
001732,90,35.03408779477603,0.8769526625938415,52.39350000192644
001733,90,33.51095194173294,0.825401632977271,47.19230000046082
001735,90,35.344274166939144,0.8533220690536499,44.476099999883445
001737,90,28.60782049276193,0.8605848204011726,45.82569999911357
001742,90,28.549462032255413,0.8237833297362384,48.26210000101128
001746,90,20.66157340535738,0.7111987621549272,46.3354999992589
001775,90,26.520020172073867,0.660848961269319,47.10280000290368
001786,90,25.402324071467937,0.8316867673499093,45.4621999997471
001793,90,23.068098196716342,0.5996878455268815,47.798599996895064
001802,90,36.885951582590444,0.9129051282596589,52.02649999773712
001809,90,36.9175386708646,0.9643722225513458,44.57220000040252
001810,90,35.897040573138426,0.9681812707247734,46.19579999780399
001815,90,24.653983700857523,0.8041415694751693,45.96089999904507
001824,90,27.84551976861583,0.8409813447084427,49.887299999682
001836,90,22.873516936832694,0.7216571344324425,46.57420000148704
001842,90,29.50841708040342,0.8012599299257882,47.190500001306646
001856,90,35.71922497777894,0.9181352997775077,46.711799997865455
001861,90,30.826618057921927,0.6384555285441875,48.22469999999157
001880,90,26.12942310579147,0.7435533907020239,60.28929999956745
001885,90,33.04758767226505,0.96306600595244,45.032699999865144
001896,90,30.907124374912883,0.9132738169066906,53.084899998793844
001900,90,32.10070780822083,0.9132218826579676,46.05309999897145
001901,90,33.87579789488668,0.9544834259469509,50.30410000108532
001911,90,30.98067418045725,0.8710644936213493,45.00980000011623
001915,90,24.620556378020826,0.6923668068619221,49.87039999832632
001941,90,22.913152520405443,0.7220937155649941,53.486299999349285
001949,90,27.901991057876426,0.881887794694338,53.38320000009844
001951,90,27.598034073050385,0.8868712045389973,47.6885999996739
001954,90,36.210368366008765,0.952477913863182,45.95490000065183
001956,90,21.26385970622215,0.6254461455487231,46.78359999888926
001967,90,27.392067991062888,0.7782091527515128,52.615399999922374
001969,90,29.28672095676856,0.5781641766175628,50.688999999692896
001970,90,29.28748106767705,0.5738608182910084,55.748200000380166
001987,90,31.875983785087037,0.7987907797810138,52.702100001624785
001992,90,36.25045489180645,0.9756211045482903,47.29779999979655
001994,90,24.079113421848636,0.7103449125465267,51.50119999962044
002001,90,28.487726494438725,0.5071701084980965,51.03320000125677
002011,90,31.051270157529597,0.7032235119679906,46.225199999753386
002015,90,31.748867734703413,0.9143200624394416,50.157000001490815
002035,90,27.06994179146018,0.7671019817169364,49.27440000028582
002042,90,17.830695748957197,0.5682697553465409,47.875799999019364
002044,90,24.25332965765472,0.8107624949046393,44.575100000656676
002061,90,28.61968026004202,0.7155528840673929,47.95159999775933
002064,90,27.071031164090638,0.4443091521513462,44.76589999831049
002067,90,23.38253196571163,0.7036648212240245,46.486300001561176
002080,90,22.419134958605852,0.7441170759217847,48.67530000046827
002082,90,29.888448908481507,0.5454862708125487,47.0411000023887
002085,90,26.060683386366964,0.584485104817104,46.56959999920218
002087,90,26.698677750716033,0.6515082414087918,48.14959999930579
002097,90,30.327752199965936,0.6646774010279178,50.48870000246097
002106,90,30.900505736390652,0.63452613321805,47.59670000203187
002111,90,26.6089406466955,0.843925142063491,49.98369999884744
002121,90,27.684058201954684,0.7333104938013214,50.771700000041164
002132,90,26.582375229384546,0.8072968433150016,51.748900001257425
002147,90,21.99127022821439,0.6315849084124109,50.18890000064857
002150,90,35.12225727368818,0.9209213006997109,47.9765000018233
002153,90,25.053644535506482,0.32779222088957577,45.13560000123107
002154,90,25.02438460905075,0.3186379098896496,47.15490000307909
002156,90,25.05043458476727,0.7864225855601649,47.73959999874933
002157,90,29.299782154511963,0.7505960737041683,45.92929999853368
002165,90,31.924280926886833,0.8355486051082611,44.75000000093132
002170,90,31.58215723956813,0.9296944775569439,64.53619999956572
002187,90,32.04950388690337,0.9072631712593734,47.39690000133123
002189,90,24.35375437308305,0.7835407278621441,51.33269999714685
002213,90,34.484859795571055,0.8656093260920048,45.00729999926989
002215,90,33.65151603616126,0.8605031453447342,46.61530000157654
002218,90,37.61553922926766,0.9272182066221237,50.22330000065267
002225,90,42.17823331509229,0.965691838593483,45.72339999867836
002226,90,41.66748397420938,0.9666845554714203,46.15810000177589
002229,90,32.23658387124831,0.8522564520810842,48.05090000081691
002237,90,23.566715339845935,0.8142345787971541,51.31170000095153
002239,90,22.444246867800427,0.7826126631006971,48.58140000214917
002248,90,22.7729276860097,0.8145968166370224,46.256800000264775
002253,90,26.043243572550065,0.5716434566010999,51.02479999914067
002255,90,25.92177665718014,0.5706444800107181,50.98740000175894
002258,90,20.574259693393785,0.8409243415675424,49.2962999996962
002260,90,21.76033870049551,0.7447108666016103,51.30029999781982
002263,90,32.75105719571052,0.8754333320637941,50.49759999747039
002275,90,37.503332756252576,0.9435270760136396,45.81770000004326
002290,90,29.9994784044882,0.8742171404080614,48.369799998909
002294,90,24.655591271511582,0.7869296979747251,46.980199997051386
002297,90,29.558508419072844,0.8218108124704361,50.215399998705834
002299,90,28.259875998829482,0.7692403929228335,53.24389999805135
002305,90,27.18720405606764,0.6225488919807486,52.50789999990957
002314,90,27.93866097960131,0.8931794512693565,53.64510000072187
002318,90,19.253956346284284,0.6519037913394011,47.7878999990935
002328,90,24.06650354626912,0.580622086470656,49.34209999919403
002335,90,35.45126658233894,0.8418034744653702,48.56579999977839
002344,90,30.7013676656938,0.9210356724715895,48.26659999889671
002348,90,27.660995119173833,0.8829840598978848,49.16059999959543
002356,90,30.369530372325848,0.8902496655917763,46.17899999720976
002359,90,42.191761025496824,0.9811035768380165,48.78680000183522
002361,90,24.81804187309834,0.8190494956409134,46.505999998771586
002364,90,26.752371402993575,0.7696090264410712,48.046900003100745
002365,90,33.6280662810663,0.9578091687397957,47.142100000201026
002377,90,25.00228342035077,0.7306530255576744,47.672500000771834
002383,90,26.311768525706277,0.437263994214274,51.69789999854402
002396,90,26.02557147660519,0.7783257583907545,49.77339999823016
002406,90,33.378641117493075,0.9069524664082527,45.661799998924835
002407,90,34.26166902913736,0.9218346652240753,47.381699998368276
002410,90,21.89079825804798,0.7089255349477166,46.91839999941294
002420,90,32.8937274031441,0.797446346312046,47.4659999999858
002423,90,32.444825508799696,0.900338069532305,46.90459999983432
002424,90,36.34513670266978,0.9293451013951302,48.80549999870709
002431,90,26.83584203688921,0.7426735047503449,50.24109999794746
002440,90,28.546094277319302,0.8382835833828347,49.046100000850856
002452,90,33.56465574373497,0.9063490318912267,49.21249999824795
002455,90,28.466749736820198,0.886762619328022,49.97840000214637
002459,90,24.460374437500988,0.8583356992534399,51.078799999231705
002464,90,32.56152654225946,0.690437698493719,51.7405000027793
002471,90,28.23603855474814,0.46411536911833284,50.96229999981006
002476,90,28.890330642674947,0.7520846906898282,50.84080000233371
002480,90,25.537141002999814,0.7721442006706931,49.37269999936689
002491,90,29.700798656238337,0.6411661461492777,45.600700002978556
002497,90,30.610667373355106,0.7469969345371723,46.16180000084569
002499,90,31.09036538486098,0.758805371983212,47.343300000648014
002500,90,27.325614024331834,0.8621519950996042,47.79899999994086
002508,90,26.91065101023607,0.7505756823409314,51.61239999870304
002513,90,31.06441406936018,0.9340129918994904,55.24650000006659
002514,90,30.380858740663406,0.9218465867710114,52.79779999909806
002529,90,35.975094817052415,0.9511772164669037,48.753700000816025
002535,90,18.02114954164464,0.5206587016763354,49.392400000215275
002545,90,26.98251445821181,0.7477121477601962,45.23710000285064
002548,90,26.364204626572516,0.7600770000613932,49.112099997728365
002555,90,29.75482555358839,0.6403696156580448,48.48700000002282
002567,90,24.99273043053911,0.5012718702981883,44.531400002597366
002570,90,27.033220284318972,0.4994231341948807,46.109200000501005
002571,90,27.629146061381853,0.5027751718092617,48.89600000024075
002572,90,33.008779386131025,0.9402513499250412,44.97020000053453
002591,90,27.141394233312898,0.8820015771432705,50.13650000182679
002607,90,22.778383570704015,0.29454528053439455,48.82540000107838
002608,90,34.61752519458686,0.923221273617506,50.055399999109795
002609,90,31.161812967913427,0.9312741435670853,50.64380000112578
002614,90,31.409678041328583,0.8618268423643112,49.70569999932195
002616,90,23.299307212402574,0.7065332501820079,50.398799998220056
002622,90,30.741652292915713,0.799461751386527,45.33149999770103
002623,90,29.98906308185915,0.7836313826059252,48.884799998631934
002632,90,25.492337282297967,0.7840480054911226,53.57000000003609
002635,90,20.70579186397098,0.3799289407363676,46.85760000211303
002642,90,21.913312080350238,0.7209833663203721,48.99199999999837
002645,90,33.78305511747078,0.8996322771680355,51.26690000179224
002648,90,28.97271740387015,0.7701055833316296,48.581899998680456
002659,90,30.81190377281761,0.8197481874548793,49.382799999875715
002665,90,26.975912906681746,0.8041725516448655,50.241900000401074
002669,90,25.080338740127107,0.7525177568080313,50.96400000184076
002670,90,25.951513077312445,0.7548227380012311,53.56949999986682
002676,90,29.844963605511204,0.7171129730520804,51.65730000226176
002685,90,31.40891797195859,0.9294490680314451,49.14170000120066
002686,90,30.96002082921679,0.9223929256619215,50.8962000021711
002702,90,34.59581780158286,0.8514378201503754,48.41410000153701
002706,90,22.580094209647974,0.8364082077665329,49.610300000495045
002709,90,28.23379903364829,0.7463498980620019,47.88620000181254
002713,90,20.4073733704332,0.37513034079727486,53.42430000018794
002715,90,20.27622670452764,0.37122894068103185,50.065299998095725
002717,90,27.02843556479767,0.8232362727056741,52.15669999961392
002720,90,21.46333991534078,0.7794838634932446,50.98600000201259
002743,90,19.711252841528413,0.621104199033816,47.224100002495106
002750,90,25.41549197648212,0.6974071548484564,44.40769999928307
002757,90,23.183861248373205,0.39109225948435233,47.674699999333825
002769,90,24.404244882442896,0.47047653031792486,46.271300001535565
002775,90,27.183041325025993,0.8091702057344615,47.72660000162432
002778,90,22.40427077568591,0.7739793555933809,50.0930000016524
002781,90,23.83205650940471,0.7793858699033857,51.46950000198558
002782,90,24.049658782683206,0.7846536317225694,57.074399999692105
002798,90,29.157811124739265,0.5326253309005499,46.59600000013597
002804,90,27.40071790477739,0.7577508318931162,46.711599999980535
002811,90,29.65938019290228,0.7065993532698155,45.03320000003441
002817,90,29.975673335389995,0.748427061973989,47.742499999003485
002827,90,22.980853872344248,0.5832376524852859,44.78240000025835
002828,90,35.83026234862484,0.9532641819767952,45.99039999811794
002836,90,32.262823596653575,0.9511284880585671,47.32929999954649
002838,90,36.22386532837716,0.9467065617074967,48.390800002380274
002839,90,35.637237889652134,0.9423470119214058,49.177199998666765
002845,90,28.911648707747418,0.7720916711806357,48.16769999888493
002846,90,28.187330026490372,0.7578032945402619,48.90079999677255
002847,90,30.38510114918957,0.7918184948663982,47.110700001212535
002857,90,37.63440974071144,0.899888301779747,47.71489999984624
002859,90,37.47314097086389,0.8920533482322693,46.87039999771514
002863,90,25.254901802305746,0.8001337666652514,47.06570000053034
002864,90,27.25444163935454,0.787891298262992,64.91649999952642
002865,90,29.064638287141065,0.7981083864227831,50.0229000026593
002869,90,34.10746970565703,0.8247290504664676,51.67490000167163
002882,90,29.367526344236236,0.8431109006792493,47.90119999961462
002894,90,32.75627892330209,0.7709600470836162,44.918400002643466
002900,90,23.87324522836806,0.8170440910036303,44.657599999482045
002921,90,29.09853766106496,0.7805022922259569,51.347399999940535
002925,90,22.21420396956088,0.29181307399793344,48.30500000025495
002926,90,21.408895592423853,0.28189824008199355,48.628499996993924
002930,90,21.921151010545515,0.5567259050895652,48.76689999946393
002936,90,31.928274162945492,0.9039465247321129,55.03020000105607
002942,90,26.91237034508689,0.6398142356428206,50.488100001530256
002943,90,26.929947555355525,0.6190615058481396,52.419100000406615
002958,90,26.835917393904953,0.7153230716282986,48.4848999985843
002967,90,28.354080831496546,0.8618844197151289,50.46330000186572
002983,90,10.896651767940632,0.31862668993920534,47.803199999179924
002998,90,30.121645881878763,0.7205789459304605,54.96000000130152
002999,90,31.050727522888657,0.7659416148660705,45.42299999957322
003007,90,24.1945600356142,0.8028782750111148,46.00239999854239
003010,90,25.79153628118286,0.541745159409177,46.728200002689846
003021,90,24.421301321511237,0.829939698967576,45.383600001514424
003027,90,29.226077115159093,0.6262551947733387,45.1764000026742
003043,90,25.890974115870332,0.8670746212051798,46.03499999939231
003047,90,30.94958203660301,0.6325932706313133,45.64659999959986
003063,90,32.17886829031525,0.9386825501992703,49.26079999859212
003065,90,28.413292950872965,0.8582915214768052,45.47570000067935
003068,90,27.162475771775068,0.8551152416108716,47.301999999035615
003072,90,25.020826779794604,0.8745811797621995,47.74520000137272
003073,90,33.76689578725317,0.877815192550864,49.874299998919014
003076,90,26.03138638083705,0.8174115932080918,46.12890000134939
003080,90,29.856146626902667,0.8865066633380652,45.30539999905159
003081,90,29.204562367766837,0.8029000972926538,44.61790000277688
003082,90,28.334880768480332,0.7662584175939876,45.511799999076175
003095,90,25.0216132038588,0.7074131408965547,48.676099999283906
003099,90,25.568256549059317,0.7309564282716159,45.93100000056438
003109,90,29.433866302383315,0.812502738548182,48.58819999935804
003110,90,28.810042973801142,0.7928047437132327,46.04819999804022
003129,90,30.9313564271175,0.6225844767635464,49.7417000005953
003136,90,23.010503719565115,0.7106461061978732,51.748900001257425
003160,90,26.038330439565826,0.7983669263568269,50.096200000552926
003163,90,24.12806198981543,0.783697089362551,48.5257999971509
003166,90,28.376234298883396,0.8610382687340528,46.95230000288575
003169,90,31.771629420841535,0.7934576765546799,48.835800000233576
003177,90,22.250245621319166,0.7222159105855962,46.264399999927264
003186,90,25.14913520233432,0.8344754626954776,47.89819999859901
003193,90,28.040030480638922,0.8880374818721191,48.497300002054544
000005,180,28.17112347184683,0.6755004958657221,48.76489999878686
000013,180,24.634982003172663,0.9003622741839886,54.655100000672974
000041,180,25.83412682055704,0.8585928144309484,47.95000000012806
000042,180,24.58342633904856,0.833386269973374,50.58609999832697
000049,180,17.082152241890054,0.3158431759878988,53.183600000920705
000052,180,26.28500142778579,0.3682652405145168,49.9627999997756
000054,180,25.830252017317513,0.6990043882887066,50.9546000030241
000058,180,31.531710265951823,0.7137462296495438,47.81659999935073
000063,180,31.18348172145636,0.8057512033366859,50.1866999984486
000065,180,26.97898606926401,0.7211700115774858,47.95460000241292
000076,180,33.15312779249102,0.9048156183400005,53.382499998406274
000081,180,25.986950212489603,0.7859789231040776,45.49369999949704
000089,180,30.065406968558193,0.862841191447487,47.267800000554416
000093,180,35.185826584142056,0.8637154385623932,51.10899999999674
000095,180,35.32470890915718,0.8662853081383706,47.35380000056466
000105,180,33.60411186265513,0.9557624900181889,49.099300002126256
000118,180,26.407171765210276,0.7306027821558266,48.19899999711197
000149,180,28.52421892634689,0.5359678058376909,49.24910000045202
000160,180,30.928042045847256,0.9035646711405516,49.4715000022552
000161,180,30.655708720831814,0.90253327336514,51.49109999911161
000162,180,30.250917784432772,0.9039384022657871,51.497200001904275
000167,180,30.577116676753114,0.8394194070509822,51.78679999880842
000182,180,27.991613437994896,0.7674010121528506,51.852799999323906
000190,180,25.051982780420662,0.7914763858458698,50.483400002121925
000227,180,24.97863290976319,0.4775405618505011,45.55189999882714
000247,180,26.558215347071975,0.9256427333441823,48.07839999921271
000251,180,22.62993364763865,0.7818572292585373,53.2576000005065
000261,180,28.778179561848276,0.8381472863672199,44.96640000070329
000264,180,23.84634005977276,0.7737069934292845,47.510000000329455
000270,180,26.72095704507493,0.8327272030602098,51.410100000794046
000275,180,25.075932083998005,0.3494011526122503,52.56300000110059
000277,180,35.669725375749245,0.9517204586548805,47.626499999751104
000279,180,33.46473999612855,0.92259793302425,48.09150000073714
000286,180,30.012166465770044,0.7812908487602165,54.08579999857466
000287,180,31.526038751206773,0.7663833089708239,54.69459999949322
000290,180,22.518935692759392,0.6730712072153137,49.52229999980773
000294,180,25.560774160488453,0.3733176064951932,50.57139999917126
000295,180,25.128286114853395,0.36084750193321796,51.881899998988956
000301,180,29.466593601038728,0.8964232099068835,50.81799999970826
000314,180,36.08257210151627,0.8545149572067261,52.390400000149384
000320,180,21.79913357081005,0.6505538028221214,49.515400001837406
000323,180,28.582864983485287,0.8427868879563983,47.01530000238563
000325,180,31.228917834757837,0.9197434450111385,48.025799998868024
000333,180,25.935275757760735,0.7707420815261313,44.32029999952647
000339,180,34.65116134413104,0.917407555819273,47.56460000135121
000349,180,26.3837653438145,0.7149707813299503,47.24730000089039
000355,180,14.859240631834949,0.32856716233294214,48.8322999990487
000364,180,25.0128175923461,0.7691106920279838,46.155399999406654
000366,180,29.141597052233298,0.8581440935495644,48.054700000648154
000391,180,34.75897573494885,0.8985460839300156,48.25720000008005
000397,180,25.27309861204725,0.3237944605674967,46.8217999987246
000398,180,22.279282176655506,0.22360525505649484,49.98940000223229
000401,180,30.89702801309608,0.7806562501614988,45.96690000107628
000410,180,34.64896428151428,0.8681221718463897,48.13519999879645
000414,180,21.370443063879343,0.6155401521892487,49.23910000070464
000423,180,30.376394237874102,0.6836991058158278,50.04019999978482
000428,180,27.844173841967425,0.8837236833633967,47.24550000173622
000432,180,30.109364183721997,0.8506836430948786,46.79210000176681
000437,180,31.881217054706994,0.8922661006494761,47.14099999910104
000438,180,31.987330668179787,0.8907553083717674,46.29209999984596
000440,180,28.487095568737114,0.8157384630346615,49.55399999744259
000442,180,31.343993258525348,0.8610217981826439,44.5596999998088
000446,180,29.249894186379617,0.7985757007381953,46.963400000095135
000450,180,31.946900308389186,0.8578855786800385,45.272300001670374
000456,180,25.000876107591292,0.5919535098748151,45.90509999979986
000458,180,24.12758543887196,0.6764426232813818,45.68929999732063
000459,180,24.2401194225936,0.6825083924797886,53.49419999765814
000462,180,35.36948035924266,0.9516856284327507,52.22940000021481
000485,180,34.381144646176566,0.8509920270512104,54.06849999781116
000490,180,25.227902681230955,0.8009763339826167,50.026100001559826
000491,180,25.92552443657336,0.8185452522688261,46.89850000067963
000494,180,24.23483936011969,0.31169966238276287,48.927899999398505
000499,180,23.683393908873747,0.6600178204779401,48.56830000062473
000503,180,26.421392778972844,0.6660821759664091,47.233900000719586
000515,180,17.124907202168448,0.5870823787040879,48.669199997675605
000525,180,30.96589803153849,0.6581261970360279,49.44020000039018
000528,180,32.406428964311246,0.8834082260201015,55.81939999683527
000533,180,23.372173406675607,0.6811345514203728,51.60579999937909
000534,180,23.689599539677204,0.7435737845275183,45.40360000100918
000535,180,24.01991317691116,0.7534955928898013,45.47879999881843
000545,180,29.7666452708225,0.8961318912213891,46.764799997617956
000555,180,31.87600153169319,0.860876602297157,48.052199999801815
000562,180,22.523481345433574,0.5474597416439019,50.91499999980442
000564,180,31.488475729263314,0.8265404624504447,47.95419999936712
000604,180,22.71569008778946,0.8797357630423606,51.75030000100378
000633,180,30.2987310653086,0.8535328021374652,48.768299999210285
000641,180,20.48387313571508,0.40053591731477495,53.171799998381175
000642,180,20.31740565337242,0.4119029286338936,45.35980000218842
000661,180,32.590666972018546,0.735301341840744,44.08450000119046
000667,180,34.27509528927301,0.9841507351807356,49.93749999994179
000669,180,27.67830437645511,0.6907939404441168,47.37129999921308
000675,180,26.60774096018133,0.8575804907455444,50.17609999777051
000687,180,29.564581118815138,0.8250545676683081,45.88800000055926
000689,180,26.268255006321986,0.88904432503099,46.181699999578996
000690,180,25.54989590074838,0.8608041613915711,46.96870000043418
000706,180,20.54128649443255,0.2980767261056099,46.18000000118627
000707,180,20.96435539238552,0.30342437883442464,46.47839999961434
000718,180,20.34224052802194,0.7651556343967952,46.47429999749875
000721,180,27.821131942599663,0.9198647436164991,49.20919999858597
000732,180,21.909281996127167,0.676097809034056,48.172800001339056
000735,180,24.467163356858826,0.4538974200559354,45.470499997463776
000746,180,33.39633659872114,0.7345379924018383,46.94039999958477
000749,180,25.28698988691565,0.7488332710936815,46.4315000026545
000752,180,29.966971284488185,0.6962629223932252,44.47430000072927
000760,180,24.244527353719143,0.3162687416746756,45.114900000044145
000764,180,20.275521939892045,0.7703229794895957,47.32199999853037
000778,180,22.54057876283408,0.539390642962445,47.72210000010091
000781,180,30.628800286109993,0.7674958097941875,46.63960000107181
000805,180,38.080004038414515,0.9471866807711125,47.13330000231508
000807,180,35.010158802766675,0.9226668340367079,47.152099999948405
000809,180,32.06778735889977,0.9303993339622021,49.66919999787933
000816,180,29.55408378030047,0.747764801775083,45.671399999264395
000820,180,21.61449194882347,0.6926655457018626,50.33969999931287
000828,180,33.22711780767898,0.8615751859703064,50.27930000142078
000830,180,33.265074957936854,0.8021718742976188,47.34430000098655
000836,180,26.956571361010987,0.8231787313950062,52.45730000024196
000838,180,29.039340374199792,0.8642816993598939,47.86009999952512
000840,180,27.371362111414967,0.8550369027098119,52.75160000019241
000844,180,25.710622326869597,0.6642702197416113,48.823900000570575
000851,180,31.41740557774042,0.82388663052845,46.450499998172745
000861,180,25.77339055751959,0.7075746127263969,54.85459999908926
000862,180,27.010714752912776,0.750139109361005,50.5486000001838
000867,180,23.043560280997603,0.3596827265584134,47.54740000134916
000886,180,30.19856967174767,0.8946491228439808,48.71849999835831
000893,180,29.666827181097663,0.845519174315229,49.21480000120937
000908,180,27.76602383042183,0.8320307260733842,49.840099996799836
000915,180,23.668593414122245,0.784742571778059,46.49480000080075
000926,180,30.314387960689537,0.6708767308988571,44.008900000335416
000930,180,27.16032530701777,0.7872975645987019,45.000800000707386
000938,180,33.18427842082372,0.8057150727148354,48.42609999832348
000948,180,27.601586637162747,0.8401822913816274,51.43619999944349
000949,180,34.55152348839091,0.9159443832845688,54.21339999884367
000961,180,33.24119300885035,0.7557687976236344,47.18909999792231
000962,180,31.59149474187287,0.7150756199672222,48.50409999926342
000966,180,31.033140672037188,0.9023260190204382,50.66950000036741
000978,180,35.25576649001536,0.981902017680645,47.53119999804767
000984,180,10.818990705759068,0.3106376353219395,48.4918000001926
000986,180,27.332268860269334,0.8266635283031567,53.381900001113536
000987,180,28.260176380017988,0.8661681751184617,48.17629999888595
000995,180,32.48126742441731,0.6887816949281692,48.313100000086706
000998,180,29.982004300633925,0.8673612212918401,45.555099997727666
001007,180,33.69763891271903,0.874866446228981,49.11059999722056
001013,180,30.401336760990606,0.9480377917485535,45.07089999970049
001022,180,25.47962779489231,0.7237458847551793,47.36780000166618
001023,180,26.565300674157957,0.7834528617249429,44.39790000105859
001028,180,28.24773689246608,0.8835354681713767,46.36749999917811
001039,180,24.77115371708095,0.6747578609351851,46.83129999830271
001041,180,21.13583923915334,0.804519386683384,47.98169999776292
001042,180,21.521523645742317,0.8190485124186138,52.2902000011527
001046,180,31.846655880536296,0.8576102542307377,46.59289999835892
001051,180,30.677485569654248,0.7631977738649846,48.906399999395944
001056,180,23.158960556027427,0.6942029075786881,47.38749999887659
001058,180,22.10528226221244,0.654136644398435,57.18390000038198
001065,180,33.50425571310485,0.7700740183649063,49.7654999999213
001081,180,38.18986401225437,0.9243982199401856,47.36590000175056
001089,180,29.208582414363583,0.9046197224411965,45.954199998959666
001092,180,24.774888413169617,0.8138208660813198,51.89769999924465
001099,180,26.499386023395846,0.8344457349432045,45.00969999935478
001114,180,31.807613476274824,0.8806705980421454,44.70070000024862
001117,180,28.050438104439436,0.6681317756194836,45.47359999924083
001123,180,25.521756060828004,0.8100071139731779,45.94540000107372
001127,180,28.25624671818524,0.8419945018311161,48.73280000174418
001137,180,27.964097407803216,0.8268206864486412,50.517700001364574
001146,180,25.98475745682645,0.8479624414808773,46.02169999998296
001158,180,27.2972279788747,0.5304041630381551,46.363399997062515
001161,180,32.317840061809164,0.8078227456188202,48.562600000877865
001173,180,31.137549325130564,0.8842091717323065,51.08790000303998
001181,180,25.057189026235744,0.667728598843755,48.385900001449045
001182,180,25.310113909733943,0.6779795054023899,49.752999999327585
001186,180,27.752195461846227,0.8370081510721445,61.666099998547
001194,180,37.13166457106124,0.9570024772374705,54.81349999899976
001199,180,34.96989938963198,0.7937974232311249,57.95790000047418
001210,180,22.68634558253881,0.694621555449048,52.72580000018934
001211,180,23.182483467194967,0.7084439800781663,47.69099999975879
001214,180,20.598080068586157,0.7597011702360827,49.5532999993884
001219,180,27.77364038050213,0.8047855279230326,46.28779999984545
001238,180,31.28801266031482,0.8952557265013457,50.449899998056935
001240,180,26.6835788229165,0.7329195931221386,49.28250000011758
001245,180,29.36721441806606,0.8382560733893365,47.360200002003694
001252,180,26.260307699004642,0.7160744172714346,50.95429999710177
001253,180,29.0720128352562,0.806071222852562,52.45680000007269
001259,180,36.56886562351781,0.968303522468336,52.15920000046026
001275,180,29.110010263815838,0.8635538723700196,48.22950000016135
001278,180,26.28132009326154,0.7485771255853744,51.03920000328799
001279,180,26.12433074225423,0.7383931339595314,49.35699999987264
001281,180,22.389751582292877,0.509477518242396,47.92739999902551
001286,180,19.46971680608851,0.3606790984056853,47.936200000549434
001287,180,19.325469371182567,0.35238151762729275,47.831800002313685
001294,180,30.69516735837258,0.7796927364873001,50.38609999974142
001296,180,30.15681291404013,0.8358576861521518,49.317799999698764
001307,180,22.828078399967524,0.5065331118286525,48.99889999796869
001308,180,24.69578517616149,0.8822064635512828,54.88999999943189
001315,180,19.05478686815863,0.6461721786498986,54.528600001503946
001316,180,28.454890736245865,0.8713299870627723,48.161200000322424
001317,180,30.428948394930508,0.9094703115143776,45.90209999878425
001324,180,33.463913039314065,0.7376092671087682,45.68440000002738
001349,180,36.725295818886785,0.919769337797165,48.61019999952987
001351,180,34.839635082019704,0.8329375768270493,47.77459999968414
001353,180,31.103940644758524,0.7129176030824185,47.613800001272466
001356,180,22.910456619105915,0.6930314975579613,46.406599998590536
001362,180,23.276651201175905,0.33890707573039763,48.349599997891346
001363,180,23.973865253293223,0.35721217158962043,47.44779999964521
001365,180,25.76364180674552,0.7215223421823624,46.57059999954072
001371,180,23.294582424032463,0.697259004168449,44.41450000012992
001377,180,26.20535093001379,0.7008755382425966,45.951899999636225
001383,180,23.841093358304185,0.7613724810542296,43.83679999955348
001393,180,29.612695092763275,0.72009771141655,50.810400000045775
001394,180,30.390851680770513,0.7383984713128618,48.31730000296375
001396,180,26.510427748968507,0.7372250777668193,49.76530000203638
001402,180,34.51320559596591,0.9020146885731221,49.92050000146264
001408,180,32.422068968043,0.9521137929883897,48.07059999802732
001409,180,35.764704729744274,0.9183207335233688,46.13049999898067
001413,180,21.229621290396523,0.7475155615084097,49.26010000053793
001420,180,25.851787556592328,0.7303824595481763,52.167499998176936
001442,180,27.89423945991618,0.7935654070891328,53.314100001443876
001465,180,35.34104330069955,0.937984941280365,52.45669999931124
001499,180,32.68639790558824,0.9344623133528233,47.098799997911556
001505,180,26.393411169803368,0.7015776668194681,46.3168999995105
001507,180,27.97195339090631,0.7355165330894832,48.903800001426134
001508,180,22.58842832509599,0.7180820794836212,54.110199998831376
001513,180,25.21959311058859,0.7584922431619204,52.06290000205627
001524,180,28.892462467227986,0.9011565835949481,45.69980000087526
001526,180,39.28349740941084,0.9525345115261078,46.087399998214096
001527,180,37.895696117191726,0.9416084286842347,47.18769999817596
001528,180,24.776210634432438,0.7392431832136959,44.556299999385374
001530,180,30.084635302984495,0.6576705897916196,50.35459999999148
001532,180,34.87658344926454,0.8231640111527443,50.62109999926179
001534,180,27.373532238911697,0.8570527662870334,49.862199997733114
001540,180,31.638119853084554,0.938486610783577,49.25319999892963
001544,180,24.434412481212483,0.7883814702180028,48.77739999938058
001545,180,31.729106925856456,0.8713241391165256,49.94309999892721
001550,180,29.791914900378536,0.8659076805895753,44.00039999745786
001552,180,21.92875954102171,0.8176782724081203,51.289200000610435
001553,180,25.800274926553936,0.7342735212472408,48.537900001974776
001561,180,25.074104501117237,0.8508376670637335,44.427699998777825
001564,180,33.64115209793708,0.9321221851317882,45.30420000082813
001572,180,20.197999040001676,0.6341092076049624,46.67209999752231
001573,180,20.35702295295492,0.7049571412638383,49.03120000017225
001579,180,35.95313721181772,0.9290267612457276,47.26650000156951
001595,180,29.10289179763069,0.6058055254676938,44.54550000082236
001602,180,23.690173778230058,0.7801088384646662,43.748000000050524
001610,180,27.117329104014736,0.8425483473356664,46.283100000437116
001621,180,31.456488128300993,0.862832297844138,46.20739999882062
001623,180,32.414839195332895,0.8841377404400707,46.30379999798606
001626,180,25.04878543517909,0.7510267526818798,49.262100001215
001630,180,28.215331913146994,0.8711253199244141,46.41230000197538
001633,180,29.53277470701235,0.6366459092117548,46.41320000155247
001649,180,30.741239667847186,0.8254299023731947,47.74109999925713
001658,180,25.323097742925974,0.7248097561820019,47.87020000003395
001661,180,31.37473566422733,0.9280437248408795,51.32469999807654
001669,180,21.241865511061736,0.3654257326389656,47.05579999790643
001672,180,28.89801684805643,0.8497438149371743,46.43659999783267
001679,180,25.100336551616323,0.771277948322162,45.72150000240072
001697,180,31.16291042620186,0.7097028021937851,46.58629999903496
001726,180,23.757397410743522,0.689952999473365,46.041300000069896
001732,180,34.995846722402256,0.8765014444227218,48.06289999760338
001733,180,33.49752133187409,0.8246173123910725,48.10830000133137
001735,180,35.32748674283802,0.8521104502234459,47.239000003173715
001737,180,28.60146958276583,0.8605045252888985,45.23699999845121
001742,180,28.606497109986265,0.8253156714731539,49.76090000127442
001746,180,20.639657771960817,0.7084652056110469,48.745100000815
001775,180,26.522209806355974,0.6611767826771736,48.896500000410015
001786,180,25.400634973729343,0.8309810923128799,50.86300000039046
001793,180,23.057552878902342,0.6005715508156401,47.38279999946826
001802,180,36.91481187578984,0.9131628063414097,46.036600000661565
001809,180,36.990849321933446,0.9645004809160233,50.68100000062259
001810,180,35.925131102236854,0.9685751696305275,49.36539999835077
001815,180,24.472861953558972,0.8004680810566451,47.08300000129384
001824,180,27.82907856957502,0.8396999053207636,48.272100000758655
001836,180,22.880144811750988,0.7213096083642117,48.03069999979925
001842,180,29.533854948940288,0.8018496410635458,48.4863999990921
001856,180,35.65684948371106,0.9184288208203316,48.88710000159335
001861,180,30.86388370520872,0.6392639927606583,51.3585000007879
001880,180,26.134387159842888,0.7433541675560901,57.6772999993409
001885,180,32.80857646429507,0.9620316036179364,48.71560000174213
001896,180,30.807767747823718,0.9123935302193165,47.71419999815407
001900,180,32.05865415295707,0.91313434254089,46.126299999741605
001901,180,33.879304421014695,0.9545763238794803,59.82889999722829
001911,180,30.944548009374266,0.8696754984352588,42.7358999986609
001915,180,24.615470262421407,0.691967249119848,51.83550000219839
001941,180,22.920211713998384,0.7224511498399265,49.92570000104024
001949,180,27.877173768421425,0.8817364970696066,51.209999997809064
001951,180,27.606197282472912,0.8871723960690796,53.5678000014741
001954,180,36.190149611046316,0.9532331830425262,50.83109999759472
001956,180,21.15033315641265,0.6229349048785248,58.189699997456046
001967,180,27.423152877324956,0.7794825121158604,54.96510000011767
001969,180,29.299162262517,0.5765357433039993,48.27000000295811
001970,180,29.321982460900195,0.574129249309659,51.54509999920265
001987,180,31.84710897025431,0.7979202349228933,47.51659999965341
001992,180,36.23312937108689,0.9755533753935098,43.41239999848767
001994,180,24.016638839370444,0.7087410934739057,46.23580000043148
002001,180,28.499574042340594,0.5076652400747538,48.526000002311775
002011,180,31.113670892388114,0.7043574352990389,46.17149999830872
002015,180,31.746006376605695,0.9143973852727413,45.62379999697441
002035,180,27.023736292546815,0.7668245981700309,46.91599999932805
002042,180,17.84550987425265,0.570211088496726,49.441299997852184
002044,180,24.238102538629857,0.8090010916463509,48.71649999768124
002061,180,28.627035407233947,0.7169171400111765,46.639599997433834
002064,180,27.05947952632032,0.44400446316695213,46.80480000024545
002067,180,23.387354736636897,0.7066874014184251,47.132499999861466
002080,180,22.40901735703502,0.7432259680827367,49.574100001336774
002082,180,29.885222770062292,0.5452631848554015,46.32369999671937
002085,180,26.02172329692855,0.5828328045459948,46.0017000004882
002087,180,26.729269320912266,0.6520925211232154,47.374800000397954
002097,180,30.30112705899715,0.6650569959788323,53.99940000279457
002106,180,30.916361480996247,0.6343953758003712,49.31139999825973
002111,180,26.64555491138558,0.8442037242085254,46.486600000207545
002121,180,27.642884019223104,0.7320785323480256,46.651399999973364
002132,180,26.57212606324898,0.8075718795629628,46.81889999847044
002147,180,21.999714887171514,0.6307256183642563,55.743699998856755
002150,180,35.14347275884602,0.9206624828977585,69.02750000153901
002153,180,25.057792063771686,0.3315666090241745,46.0784999995667
002154,180,25.022605104400103,0.3219412062915042,83.79869999771472
002156,180,25.109771431807314,0.788790016019024,49.39089999970747
002157,180,29.27873881051694,0.7496128323837695,43.834700001752935
002165,180,31.9269446810876,0.836361678191185,44.79880000144476
002170,180,31.6113067769861,0.9296473128654957,51.13060000076075
002187,180,31.945464554134148,0.9059079771134183,51.36620000121184
002189,180,24.301798699180384,0.7812215031856913,51.10879999847384
002213,180,34.5115119283627,0.8667958264358043,48.27529999965918
002215,180,33.66778892324109,0.861209482629776,48.562899999524234
002218,180,37.58187620270067,0.9268313850703239,49.11940000238246
002225,180,42.06783062919996,0.9655780249891281,46.568900001147995
002226,180,41.579350697402944,0.9666558957400322,47.967700000299374
002229,180,32.21244102878287,0.8520714159212113,48.65150000114227
002237,180,23.553645732266894,0.8140932066368163,47.71670000263839
002239,180,22.43557832460562,0.7827649366578833,48.91409999981988
002248,180,22.807132806351582,0.8119544987694137,51.083900001685834
002253,180,26.077870062725182,0.5717688972363062,50.292299998545786
002255,180,25.94665166577444,0.5715253233996257,49.273999997240026
002258,180,20.572842950898767,0.8409591595810428,49.92370000036317
002260,180,21.645516630719598,0.7398649559804779,47.59410000042408
002263,180,32.76484122444147,0.8766711176736355,51.23789999925066
002275,180,37.379550492644256,0.9435149315383137,51.233700000011595
002290,180,29.98756396501786,0.874311902347669,50.04159999953117
002294,180,24.64979182378827,0.7877826731513217,48.9506000012625
002297,180,29.583576160056985,0.822295834081769,48.990799998136936
002299,180,28.436555411154917,0.7753409492519051,52.2488999995403
002305,180,27.199140854172455,0.6179331969867752,49.092200002633035
002314,180,27.92907024733648,0.8929544146578013,48.700899998948444
002318,180,19.25702773472737,0.6505641023543653,48.28730000008363
002328,180,24.068471318498247,0.5800675726740077,47.46440000235452
002335,180,35.47115490616359,0.8427647940883637,48.419999999168795
002344,180,30.64022831010493,0.9205804631457962,52.051300001039635
002348,180,27.644297817387155,0.8816644926469922,49.23090000011143
002356,180,30.36917684287691,0.8905819101553559,49.985099998593796
002359,180,42.25754416015998,0.9812522950658799,48.21300000185147
002361,180,24.817425758406525,0.820635166847162,43.07839999819407
002364,180,26.807644507337823,0.7727224177522958,49.177299999428215
002365,180,33.54797769829797,0.9578040343679189,45.83640000055311
002377,180,25.02451251571759,0.7314916746744812,46.56579999937094
002383,180,26.309322690192133,0.4370449745414481,43.56770000231336
002396,180,26.02757909360554,0.7776978474877588,57.63889999798266
002406,180,33.45870470861519,0.9073224932773113,45.27360000065528
002407,180,34.218956091866644,0.92176468876791,45.27740000048652
002410,180,21.900957717235563,0.7094305064019635,52.51720000160276
002420,180,32.879291499233545,0.7979277689480782,49.23079999934998
002423,180,32.523186480646174,0.9016985278019906,46.586199998273514
002424,180,36.277321918434964,0.928925623477459,44.533700001920806
002431,180,26.83184556828293,0.7415617206801586,49.94500000248081
002440,180,28.56242462555862,0.8391268900241302,52.781800000957446
002452,180,33.62586414404178,0.9067014134551287,51.67969999820343
002455,180,28.339892454714068,0.8839942251012921,46.629100001155166
002459,180,24.431215648652174,0.8569887059844137,49.25609999918379
002464,180,32.531692989907356,0.6891388480348587,46.571599999879254
002471,180,28.24139516797822,0.46430980596005916,48.612900001899106
002476,180,28.91581329414879,0.7533118657978252,53.142200002184836
002480,180,25.579126067734673,0.7728039847435101,47.24480000004405
002491,180,29.689701566193463,0.6402641882053614,45.21739999836427
002497,180,30.651854505534182,0.7487152026116848,45.7756000032532
002499,180,31.087788411915767,0.7592661562694013,55.247899999812944
002500,180,27.3554131903347,0.8633504968547225,52.806699997745454
002508,180,26.923625375937892,0.7472985620696246,49.675700000079814
002513,180,31.068745727553125,0.9340646621944905,51.334800002223346
002514,180,30.351799105991248,0.9216937574427128,52.8671000029135
002529,180,35.96910116178488,0.9511871271324158,53.05159999988973
002535,180,18.03197499661678,0.5208365301887875,49.58959999930812
002545,180,26.912110152262983,0.7455004956794623,47.140099999523954
002548,180,26.365358188990502,0.76056961355112,51.02190000252449
002555,180,29.760323610545175,0.6396481904129983,51.31529999925988
002567,180,25.114220384556234,0.49566212398310655,52.58049999974901
002570,180,27.073969213955653,0.501744578811638,55.448700000852114
002571,180,27.632832761576523,0.5037537255463602,51.45079999783775
002572,180,33.00278718779702,0.9405097768198848,46.293200000945944
002591,180,27.161026657267072,0.8826545484736376,48.77029999988736
002607,180,22.836028562041694,0.2946500369560852,50.35219999990659
002608,180,34.59650397629629,0.9237527646811008,49.37730000165175
002609,180,31.14510849263526,0.9316896265997887,49.96739999842248
002614,180,31.51304237730387,0.8633322299015522,50.12239999996382
002616,180,23.24203775799768,0.7057959448264316,49.65029999948456
002622,180,30.746845560222823,0.7995994816573635,51.45289999927627
002623,180,30.04214572037384,0.7842087233662606,48.30099999890081
002632,180,25.477828418356715,0.783302883670926,49.230100001295796
002635,180,20.72038673243522,0.38058683694126905,50.95369999980903
002642,180,21.927094329343607,0.7209175729545979,47.894600000290666
002645,180,33.72835619193452,0.8977282716965675,42.48599999846192
002648,180,28.9681073891456,0.7690835534360635,46.743099999730475
002659,180,30.778548729592536,0.8210342530892789,49.225300001126016
002665,180,26.934485162876282,0.8040479328974486,46.8031999989762
002669,180,25.093698359910654,0.7539878524885829,46.74900000100024
002670,180,25.889068575552532,0.7523944145279485,51.39229999986128
002676,180,29.823844806798082,0.7158721628267412,52.34249999921303
002685,180,31.332703053162575,0.9296586767031793,45.85579999911715
002686,180,30.952005183095423,0.922850115707621,46.046600000408944
002702,180,34.527032654692576,0.8508759105234146,49.41379999945639
002706,180,22.597064063448087,0.8372401928077787,45.23770000014338
002709,180,28.30084476616515,0.7449617474004803,46.32000000128755
002713,180,20.434580636276927,0.3752590761899945,45.039699998596916
002715,180,20.302800364653365,0.3717634299964487,46.52699999860488
002717,180,27.097122397523613,0.8316387253619433,52.728800001204945
002720,180,21.467509977306435,0.7797980948556794,53.096699997695396
002743,180,19.6403901319624,0.6181582827910753,47.51179999948363
002750,180,25.42174012382338,0.6979723658336401,47.291900002164766
002757,180,23.1945759721315,0.3898363499205457,46.16659999737749
002769,180,24.50039350151425,0.4690319219802385,46.57249999945634
002775,180,27.184931622760594,0.8089101776101216,45.767700001306366
002778,180,22.44021758421599,0.7754196631660568,47.60549999991781
002781,180,23.834899094186174,0.7806288519411683,47.338000000308966
002782,180,24.059574751523268,0.7859200977334082,47.24729999725241
002798,180,29.201131343668486,0.5329700683028697,46.93609999958426
002804,180,27.402535717987423,0.7587207428506761,46.64829999819631
002811,180,29.626519929888655,0.7055005091919899,45.70550000062212
002817,180,29.91701095003649,0.7471745672965273,46.90820000178064
002827,180,22.964852580168383,0.5860092765674282,47.3902999983693
002828,180,35.984877691050976,0.9572590627055169,46.985499997390434
002836,180,32.241103752994114,0.9488828729147911,48.39880000145058
002838,180,36.25716349504113,0.946331839720726,49.16819999925792
002839,180,35.75218455684321,0.9431336952123642,49.37939999945229
002845,180,28.91020341800693,0.7717683160519907,48.666400001820875
002846,180,28.20728639645089,0.7579120639329702,52.317100002255756
002847,180,30.435295985984247,0.7923725285959393,48.42790000111563
002857,180,37.60752501965355,0.8992216358966827,46.72059999938938
002859,180,37.43723368923369,0.8915604590778351,46.76330000074813
002863,180,25.230525348180674,0.7998181860318193,43.52840000137803
002864,180,27.26361642024548,0.7883220821685176,49.278600003162865
002865,180,29.01857789158452,0.7971978253820836,45.112600000720704
002869,180,34.1817206664028,0.8264682433935479,46.51469999953406
002882,180,29.29528179635001,0.8425356155291768,46.8767000020307
002894,180,32.75215225924994,0.7712492440714837,45.267599998624064
002900,180,23.84146585331745,0.8164079647270739,47.05810000086785
002921,180,29.30601813367721,0.7851844628380835,45.891300000221236
002925,180,22.215130702298836,0.2922379560909724,45.64179999943008
002926,180,21.44058930517845,0.28201937967015245,45.966199999384116
002930,180,21.885192196562304,0.5502743204149143,46.86469999796827
002936,180,31.93454272289842,0.904526057580471,46.44900000130292
002942,180,26.909408023488247,0.6403577656862512,47.73770000247168
002943,180,26.93060563320312,0.6208950843605623,50.732900002913084
002958,180,26.85488762843631,0.7154621061757584,46.060999997280305
002967,180,28.383602621731754,0.8624991105778497,46.15589999957592
002983,180,10.893476461524516,0.3178855140962438,46.26570000255015
002998,180,30.189910767743854,0.7264244631744567,46.455699997750344
002999,180,31.177215002266028,0.7701973450019658,47.33649999980116
003007,180,24.206383141810477,0.8029045188163146,46.02389999854495
003010,180,25.81170966155524,0.5403281428224141,45.89349999878323
003021,180,24.439472603578317,0.8291168070528507,46.39820000011241
003027,180,29.2456455094674,0.6271148405130543,48.94579999745474
003043,180,25.901335336293343,0.8664781500049308,53.749899998365436
003047,180,30.983953949052733,0.6329383350367546,46.99170000094455
003063,180,32.079494235907845,0.9377736745910644,46.51730000114185
003065,180,28.39985568678196,0.8581264079273008,45.44420000092941
003068,180,27.19120485674713,0.8548597429986671,47.72360000060871
003072,180,24.97152885642884,0.8760985805447697,45.514299999922514
003073,180,33.71473265013633,0.8761817445663791,44.7238999986439
003076,180,26.001955534774673,0.8172446147974208,47.54060000050231
003080,180,29.87097694922464,0.8856412697501183,45.12890000114567
003081,180,29.16378422469125,0.8009183844836755,45.606399999087444
003082,180,28.3047149639751,0.7651914721267102,48.24250000092434
003095,180,25.018416053092825,0.7078617910928758,53.024000000732485
003099,180,25.589252181192997,0.7308733494346575,50.82639999818639
003109,180,29.491408615512672,0.8138945976343025,47.52369999914663
003110,180,28.80894113570608,0.792485292940434,45.69629999969038
003129,180,30.90422927313684,0.6225435081236362,46.394900000450434
003136,180,22.971518849954403,0.7103148548729178,52.012799998919945
003160,180,26.084473690476734,0.7999872093254123,48.86459999761428
003163,180,24.12290570573735,0.7781883174149655,47.28139999861014
003166,180,28.422616335198114,0.8620175781184435,47.51179999948363
003169,180,31.74040623618122,0.7933091990661622,46.45800000071176
003177,180,22.20845541639854,0.721289617669432,47.25259999759146
003186,180,25.09254282883203,0.8331264151902645,47.40669999955571
003193,180,28.04769512348222,0.8882986821631939,48.27099999965867
000005,270,28.163469822802362,0.6751220498658014,48.37300000144751
000013,270,24.62357312438202,0.9016206782532632,47.645599999668775
000041,270,25.84472547351741,0.8589497924205791,50.00179999842658
000042,270,24.7430270109092,0.8377294088998083,51.543699999456294
000049,270,17.073192918868546,0.3158889049945065,51.79130000033183
000052,270,26.283272279267152,0.36748651467466353,51.30420000205049
000054,270,25.833345327547043,0.6997271436136663,46.68209999726969
000058,270,31.539003058818736,0.7125481478710175,48.683599998184945
000063,270,31.15630596839231,0.8056961563349962,47.72999999840977
000065,270,26.843729321004112,0.7146929025013913,45.97940000167
000076,270,33.14146351549899,0.9051650358348968,47.2446999992826
000081,270,25.97685877874706,0.7852808173800707,50.237100000231294
000089,270,30.031625695443672,0.8617291645058487,52.05769999884069
000093,270,35.189045807077214,0.8637469594283104,52.83159999817144
000095,270,35.30996370219415,0.8663181578302384,52.944300001399824
000105,270,33.65069069983592,0.9557527537889481,52.191800001310185
000118,270,26.47081390236091,0.7303309991440177,49.18860000179848
000149,270,28.53820268718708,0.5357526930964701,48.601200000121025
000160,270,30.943920612026105,0.9030684670529365,48.17039999761619
000161,270,30.706021162812604,0.9029619696817398,53.31999999907566
000162,270,30.27486855749453,0.9044564614734948,50.7538999991084
000167,270,30.451084361902208,0.8344769615113362,60.66590000045835
000182,270,28.007596001935255,0.7678078967088238,49.83720000018366
000190,270,25.11431840200494,0.7937502275382746,50.17740000039339
000227,270,25.003470367707635,0.4782951932654433,46.88419999729376
000247,270,26.50356193882537,0.9253737802763752,51.10679999779677
000251,270,22.623572433614683,0.7821131609234214,51.083899998047855
000261,270,28.76495578277226,0.8375150249442235,55.38749999686843
000264,270,23.901816336047364,0.7746738099708166,48.81060000116122
000270,270,26.618153165859813,0.8309646236286163,54.144400000950554
000275,270,25.087771720031085,0.34706564158774167,52.2610000007262
000277,270,35.61242155805053,0.951071862402916,51.857899998140056
000279,270,33.39005111489145,0.9216360295366719,55.95569999786676
000286,270,30.064939272445983,0.782383506707117,51.6066000018327
000287,270,31.47840331813647,0.7645505611653775,52.13419999927282
000290,270,22.57001595350742,0.6732861117279147,47.20440000164672
000294,270,25.541770145605618,0.37289624956001155,52.70060000111698
000295,270,25.077523138596135,0.3615849090814786,53.44300000069779
000301,270,29.434997830499462,0.8970263617619574,52.42809999981546
000314,270,36.13994052616348,0.8556886597213745,47.46820000218577
000320,270,21.82507365533745,0.6474287706584281,50.6048000024748
000323,270,28.590477245267124,0.8431894449756332,49.07119999916176
000325,270,31.246024947327097,0.9199054835102223,49.782099998992635
000333,270,25.91762874622419,0.7705425945910365,48.374399997555884
000339,270,34.60388236429964,0.9170496420683861,52.842799999780254
000349,270,26.306081262159285,0.7103459207921997,53.16609999863431
000355,270,14.863582962150018,0.3293651106165463,47.655000002123415
000364,270,25.007567168055118,0.769562493694955,48.74550000022282
000366,270,29.14775992253948,0.8567431399807036,48.8084999997227
000391,270,34.68460766816756,0.8981499715490341,49.98669999986305
000397,270,25.26808476404507,0.3247090461418605,47.97150000013062
000398,270,22.281739405045485,0.2251380448872177,47.955400001228554
000401,270,30.935421969117286,0.7815535943828859,46.411600000283215
000410,270,34.635103652433195,0.8678180294113159,45.70580000290647
000414,270,21.43385394429556,0.6114081603732153,48.30059999949299
000423,270,30.38823959364798,0.6842466616736352,48.0137000013201
000428,270,27.834683402487997,0.8834924498802126,50.180999998701736
000432,270,30.11647728695669,0.8503330124212177,49.39379999996163
000437,270,31.891068214791986,0.8918799257016182,47.969999999622814
000438,270,31.999072098398145,0.8906624429881722,48.48560000027646
000440,270,28.4792098254338,0.8169144732462652,45.30220000015106
000442,270,31.381715462192567,0.8622257593493462,50.92100000183564
000446,270,29.28965562973493,0.7990742433539479,49.78019999907701
000450,270,31.873891744500003,0.8572277058329583,45.14480000216281
000456,270,24.97140252814703,0.5876273865546807,44.13130000102683
000458,270,24.125582189215024,0.6772706707267333,46.25259999738773
000459,270,24.23059918320685,0.6825175303234421,44.46470000038971
000462,270,35.384930382348045,0.952114599193573,53.24749999999767
000485,270,34.44404803085027,0.8518800861783028,52.78610000095796
000490,270,25.23428433822342,0.8013745715687572,48.882299997785594
000491,270,25.93455704196338,0.8184654987339973,47.48409999956493
000494,270,24.23093320242102,0.30984833648425714,48.112299999047536
000499,270,23.66976156371286,0.6596323110710848,46.37000000002445
000503,270,26.403191929457968,0.6650572390798144,46.41730000003008
000515,270,17.13860233796772,0.5884558511993655,46.36480000044685
000525,270,31.006083391787143,0.6595944853787422,47.703500000352506
000528,270,32.44819241854998,0.8836110501881391,46.710599999642
000533,270,23.30895074552753,0.6784838410400511,45.49340000085067
000534,270,23.68940021808537,0.7420499080308871,45.51999999966938
000535,270,24.01354510247557,0.7526328752446916,47.04590000255848
000545,270,29.717538853132904,0.896232176550299,44.152000002213754
000555,270,31.87208729376494,0.8612071016381085,45.784899997670436
000562,270,22.512786597735236,0.5486639395568744,46.95250000077067
000564,270,31.34547873502296,0.8212426044014615,50.960300002770964
000604,270,22.75025111563361,0.8785869463104959,45.36550000193529
000633,270,30.36047220665119,0.8540471571822837,46.295400003145915
000641,270,20.49728913483712,0.39976086333866373,46.79029999897466
000642,270,20.309717358957467,0.4119731202429679,46.02309999972931
000661,270,32.598018269561756,0.7354943145670891,49.33280000113882
000667,270,34.315165469031264,0.9843655722861886,48.30070000025444
000669,270,27.67489235764041,0.6909746320969872,47.333000002254266
000675,270,26.46509232872448,0.8575493239711672,45.804699999280274
000687,270,29.60950518005579,0.8251538239526935,45.65649999858579
000689,270,26.279261175746914,0.888869657956861,45.92169999887119
000690,270,25.605964359639163,0.861592536529433,48.328000000765314
000706,270,20.547797171966977,0.2975859155917534,53.20139999821549
000707,270,20.951222075508603,0.3034093332553708,48.28290000295965
000718,270,20.347079314145667,0.7644309656600263,50.488400000176625
000721,270,27.81006193917039,0.9190541943105459,47.20700000325451
000732,270,21.932378448982426,0.6761430273655051,48.693400000047404
000735,270,24.479614641519802,0.45438865785571864,49.051100002543535
000746,270,33.28767437549498,0.7316386990505457,49.09209999823361
000749,270,25.288031258089347,0.7477737194117681,50.31579999922542
000752,270,30.039351373426577,0.6955826347527349,49.92889999994077
000760,270,24.266640121754804,0.31410670585785994,48.31479999847943
000764,270,20.28699517012949,0.7698706220924948,47.65979999865522
000778,270,22.602648995206643,0.5482281369300464,48.49319999993895
000781,270,30.6427297167465,0.7683712622389197,52.46129999795812
000805,270,38.15300529980142,0.9472687978179455,51.14949999915552
000807,270,35.08227329424206,0.9230560114746094,48.01239999869722
000809,270,31.909436443626547,0.9299847732009888,45.23410000183503
000816,270,29.570888285561864,0.749322762751108,47.75359999985085
000820,270,21.64274022973201,0.7017961697082548,47.75740000332007
000828,270,33.26196128908322,0.8613209554080963,43.85320000073989
000830,270,33.27035673367656,0.8025068339469433,46.70760000226437
000836,270,26.962631776254902,0.8238660097179413,50.28159999710624
000838,270,29.03824452275337,0.8642381898756027,46.37919999731821
000840,270,27.458097477265234,0.8557037528013886,48.00670000258833
000844,270,25.72877946585684,0.6662149306802222,45.61430000103428
000851,270,31.414599616124153,0.8242484348592758,45.82419999860576
000861,270,25.837630219206673,0.707955232415502,45.17199999827426
000862,270,27.03219845915529,0.7510594779231157,47.93200000131037
000867,270,23.03891758351003,0.3600439165021766,48.65490000156569
000886,270,30.210289071254167,0.8952516381635591,46.549499998945976
000893,270,29.79805051142495,0.8468739644796476,46.55270000148448
000908,270,27.743153188340383,0.8309958418980241,45.274699998117285
000915,270,23.677994117700656,0.7825246476504206,51.59940000157803
000926,270,30.306752215656367,0.6715744610432386,47.61299999881885
000930,270,27.307717468112656,0.7937212079407144,47.66369999924791
000938,270,33.192230633759465,0.8058006490521431,48.23469999973895
000948,270,27.654424578175213,0.8418539699911625,48.74070000005304
000949,270,34.58632948073381,0.9162730703454017,50.18009999912465
000961,270,33.186796043741296,0.7544252400407792,47.955599999113474
000962,270,31.51995776838441,0.7112589221198559,44.77880000195
000966,270,31.077185260617043,0.9030091319351197,46.93229999975301
000978,270,35.51248505922192,0.981980240017891,49.76700000042911
000984,270,10.82677433942472,0.3114827994467248,44.664599998213816
000986,270,27.295038715497796,0.8277556635615612,46.02339999837568
000987,270,28.16969046706596,0.8674395436561108,45.68699999799719
000995,270,32.507245972228056,0.6890832031459808,47.33760000090115
000998,270,29.958984263792438,0.866147156184271,49.03079999712645
001007,270,33.76224651300352,0.874913694024086,46.78799999965122
001013,270,30.427616639064272,0.9487076533282102,43.556699998589465
001022,270,25.48115238442169,0.7238753562274277,47.78430000078515
001023,270,26.574658281125686,0.7830916927959621,47.92079999970156
001028,270,28.289562952538617,0.8839158806249648,50.12369999894872
001039,270,24.78434988597001,0.6747764405751244,50.20829999921261
001041,270,21.104940683687854,0.8032789245690163,51.28880000120262
001042,270,21.460915000110937,0.8170994500190671,47.36920000141254
001046,270,31.85454828587614,0.8578567200191021,50.275200002943166
001051,270,30.61977557777444,0.7632553361668587,44.2551000014646
001056,270,23.179166195048758,0.6939942578097181,48.444399999425514
001058,270,22.119475444944126,0.6547025321456946,46.93990000305348
001065,270,33.53757086325687,0.7696699626466036,54.16710000281455
001081,270,38.332819654523064,0.9263826310586929,46.55499999716994
001089,270,29.185038053973148,0.904029747879982,47.08329999994021
001092,270,24.76243768934839,0.8133532530744094,46.23160000119242
001099,270,26.510133466673537,0.8352614498619325,47.44580000260612
001114,270,31.8633751734779,0.8817537179025412,47.83030000180588
001117,270,27.923093040101126,0.663060440619491,50.37349999838625
001123,270,25.528228801069627,0.8081440677082316,47.22970000148052
001127,270,28.24566410549876,0.8417338272518143,46.680200000992045
001137,270,27.984883199178,0.8267002388614864,48.39350000111153
001146,270,25.954060369832582,0.8427889533026185,50.6013999984134
001158,270,27.23046301177609,0.5288930962533728,51.17869999958202
001161,270,32.30756977638674,0.8068310510907173,48.29479999898467
001173,270,31.184349518218674,0.8857302597732544,48.70719999962603
001181,270,25.08321483905929,0.6647949296361739,49.4537999984459
001182,270,25.311875061599917,0.6767614107706822,43.27059999923222
001186,270,27.7678174547474,0.837767016131401,52.8874999981781
001194,270,37.20915927776502,0.9573104587194323,49.353700000210665
001199,270,35.02266674222637,0.7944304984607696,48.8374999986263
001210,270,22.697483806216198,0.6951066538174804,47.756800002389355
001211,270,23.178295250393013,0.7081924880486391,47.79689999850234
001214,270,20.56253650274407,0.7594314377977192,50.0759000024118
001219,270,27.760804531370773,0.8048636349395891,49.571699997613905
001238,270,31.367144856940186,0.8963161646398902,46.2532999990799
001240,270,26.71429702435749,0.7338436529214543,46.568899997510016
001245,270,29.343955708036432,0.8360948989386586,47.59569999805535
001252,270,26.258123576011588,0.715981586211048,46.329300002980744
001253,270,29.302464208361798,0.8098613060617873,41.97990000102436
001259,270,36.49723025943856,0.9684070916527212,42.877100000623614
001275,270,29.07802699669382,0.8630609857562334,47.02460000044084
001278,270,26.369954691854698,0.7491199838527627,45.9950000004028
001279,270,26.200722434337166,0.7400808080213969,47.75599999993574
001281,270,22.39176272540862,0.508377071885827,49.0308999978879
001286,270,19.485754390701317,0.35913802374617937,53.41400000179419
001287,270,19.343020416799973,0.3518871108529755,51.56100000021979
001294,270,30.755788968951055,0.7799365002970434,49.312999999528984
001296,270,30.252813362593535,0.8374622907173298,48.62209999919287
001307,270,22.767443868643067,0.5117862580999737,48.966599999403115
001308,270,24.629305458620884,0.8802963780400753,47.59659999763244
001315,270,19.042010232268403,0.64487360557688,46.887800002878066
001316,270,28.546030011685282,0.873653649698142,47.81910000019707
001317,270,30.424057551959663,0.9111011072048619,47.11749999842141
001324,270,33.49956741561674,0.7382032927932143,47.345499999210006
001349,270,36.777096194026726,0.9194200293188095,53.386800002044765
001351,270,34.84301241659112,0.8321372316389084,48.2761000021128
001353,270,31.130697611786566,0.7129533450036049,47.870499998680316
001356,270,22.91804025601489,0.692764944641836,47.67039999933331
001362,270,23.304806891905997,0.3380523721818068,49.28260000087903
001363,270,23.983973735191938,0.35502764734557646,50.665300001128344
001365,270,25.85669319935727,0.7499923232515282,49.424000000726664
001371,270,23.325963523263418,0.6969962827845383,54.99929999859887
001377,270,26.163031126095003,0.7012501732775583,50.367600000754464
001383,270,23.83752414460357,0.7608510889573228,47.70690000077593
001393,270,29.62091961143767,0.720275302307427,48.05280000073253
001394,270,30.38106790205798,0.7380223096778095,49.808899999334244
001396,270,26.481491033073215,0.7379596476519518,55.782399998861365
001402,270,34.54227116222538,0.9021408849565983,49.98580000028596
001408,270,32.46852354985332,0.952576464963492,46.1777999989863
001409,270,35.891289354939,0.9187446870379448,50.20670000158134
001413,270,21.29809121736033,0.7474497293731833,52.19149999902584
001420,270,25.835210961486684,0.7313416686415859,43.781500000477536
001442,270,27.904376177581497,0.7936368998859827,46.03149999820744
001465,270,35.47283375798428,0.9381109516239167,50.95649999930174
001499,270,32.76898878594497,0.9337744799757004,48.596399999951245
001505,270,26.397888285288612,0.7012517393090856,60.04190000021481
001507,270,27.979693680528893,0.7358454060031651,46.18620000110241
001508,270,22.558671221037876,0.7186286223732922,47.01810000187834
001513,270,25.22583532445878,0.7582493114321102,56.83599999974831
001524,270,28.83471825181079,0.9009410971728573,48.43749999781721
001526,270,39.29818683272518,0.9523356108617783,50.626299998839386
001527,270,37.940693470023426,0.9420785312838554,47.40959999980987
001528,270,24.760898892234593,0.7330916525196572,49.121299998660106
001530,270,30.034049350566608,0.6576276651495621,51.84150000059162
001532,270,34.88501396875579,0.8237813700914383,48.71699999785051
001534,270,27.315421449334067,0.8577086194752334,47.870500002318295
001540,270,31.615391470526863,0.9379485348799229,51.35560000053374
001544,270,24.43698822349825,0.7884564104508162,47.226700000464916
001545,270,31.75397467817982,0.8706943466125727,45.26299999997718
001550,270,29.781911678567944,0.8664188925805716,47.29179999776534
001552,270,21.912357552518515,0.8169347649502009,48.23079999914626
001553,270,25.75878052922361,0.733515884315742,48.01230000157375
001561,270,25.09729577969854,0.8514111753044115,46.69569999896339
001564,270,33.65369473388037,0.9323175168254375,51.12179999923683
001572,270,20.19044373541768,0.6342635257164927,45.47199999797158
001573,270,20.326199857826236,0.7049494267233112,48.81819999718573
001579,270,35.94940502505711,0.9285751641054153,47.70310000094469
001595,270,29.079478540954305,0.6070819023888111,47.21679999784101
001602,270,23.65148967785013,0.7791046512069851,45.403000000078464
001610,270,27.14641372571659,0.8426169999710917,48.01889999725972
001621,270,31.518597221613224,0.8654216615410447,46.83870000008028
001623,270,32.492197641923156,0.8866715620973855,46.244699999078875
001626,270,25.06305162953346,0.751295481870136,45.96129999845289
001630,270,28.2011529058523,0.8710840990484208,45.80320000241045
001633,270,29.515682663451052,0.6352866506786347,46.04589999871678
001649,270,30.787343947269207,0.8258050220304132,47.67559999891091
001658,270,25.343076309408357,0.7261974541133311,45.049299998936476
001661,270,31.604636873471918,0.9314919948852062,46.155299998645205
001669,270,21.216738701561365,0.36687769740719633,48.93160000210628
001672,270,28.902644113605668,0.849616713325113,53.86060000091675
001679,270,25.117741516613773,0.7716627143742927,50.662800000282004
001697,270,31.212340162122754,0.7114983131966367,50.84100000021863
001726,270,23.791014580060263,0.6900007146005795,51.28590000094846
001732,270,35.09587602395903,0.8773429323759079,58.40570000145817
001733,270,33.317578580467284,0.8226186097938633,52.87079999834532
001735,270,35.26807339826709,0.8528715400354863,51.185000000259606
001737,270,28.64225427874795,0.8609989896990359,45.5461000019568
001742,270,28.612003650005203,0.825268529902353,50.77949999758857
001746,270,20.634164595921305,0.7103168052285088,46.55849999835482
001775,270,26.52214285247173,0.6612458311414718,49.64029999973718
001786,270,25.411056082005704,0.8312565073713996,50.048499997501494
001793,270,23.085599339338145,0.6000356385318544,46.665400001074886
001802,270,36.88087601814099,0.9131009450819493,49.10839999865857
001809,270,36.84462552447246,0.964078257844925,56.24350000289269
001810,270,35.9526173470194,0.9683253984279633,47.761599998921156
001815,270,24.6679720894806,0.8047729305096196,49.95439999765949
001824,270,27.8688110731325,0.8402697102504969,50.26799999905052
001836,270,22.8497254727446,0.7214113303349684,48.0293000000529
001842,270,29.577783103076886,0.8024711975316348,45.73310000341735
001856,270,35.60535375268282,0.9181833896222115,45.17869999835966
001861,270,30.86096936013751,0.6393775927491188,54.76240000280086
001880,270,26.124356354125588,0.744290193214248,49.12709999916842
001885,270,33.05062778825552,0.9629158933551331,52.651400001195725
001896,270,30.96949298605645,0.9139022968044878,49.18320000069798
001900,270,32.06051583126274,0.9130818338447493,50.052900001901435
001901,270,33.784999047822424,0.9547880613906383,50.40960000042105
001911,270,30.984498571993427,0.871427709392786,50.901999999041436
001915,270,24.607358404863184,0.6921303944173716,46.46380000122008
001941,270,22.91029477112213,0.7216817619929342,48.44339999908698
001949,270,27.87026113748075,0.8816940894486877,46.32099999798811
001951,270,27.583573334466305,0.8870161929288283,48.947600000246894
001954,270,36.1904818477895,0.952625646109581,49.65809999703197
001956,270,21.284430295870433,0.6253819089873955,54.497500001161825
001967,270,27.417975432649197,0.7791890778853763,47.3491999982798
001969,270,29.281820102344383,0.5777515090593723,48.02940000081435
001970,270,29.296724593706234,0.5746363344300837,44.39089999868884
001987,270,31.869448298824217,0.797872848316431,44.742599999153754
001992,270,36.13443345380344,0.9751241839181631,47.134899999946356
001994,270,24.107969472952114,0.7108241788339615,45.68040000231122
002001,270,28.49154819628844,0.50664158636868,47.681799998827046
002011,270,31.045787422854207,0.70316355081743,48.01759999827482
002015,270,31.742162650160616,0.9141787190229893,51.686000002518995
002035,270,27.051784024491482,0.7666724280912858,50.072099998942576
002042,270,17.839715472108914,0.5684611033649519,48.964599998726044
002044,270,24.24240411675129,0.8093178971559666,52.72799999875133
002061,270,28.616708123916826,0.7157947229297906,46.70140000234824
002064,270,27.020482264251505,0.4436931604507566,50.5327999999281
002067,270,23.397015386907185,0.7052595326553285,45.87339999852702
002080,270,22.401879846453966,0.7432006369244596,46.339399999851594
002082,270,29.870906997161867,0.5449082291576266,52.86870000054478
002085,270,26.09376720479064,0.5853676695144773,46.90839999966556
002087,270,26.7008653049366,0.6520489172780288,50.265600002603605
002097,270,30.335806846710028,0.665313614673853,52.68689999866183
002106,270,30.9124200772,0.6339723239531517,46.57429999861051
002111,270,26.65402219169443,0.8445727261544484,49.22409999926458
002121,270,27.72989903550434,0.7345147554564767,52.72550000154297
002132,270,26.58447314049748,0.8078466599378139,48.29510000126902
002147,270,21.990549054495517,0.6314010255011226,45.20749999937834
002150,270,35.42251744453407,0.9212770219721794,51.13150000033784
002153,270,25.067202228308204,0.3303921823216155,50.34249999880558
002154,270,25.0450172971576,0.32132517826423795,48.15989999769954
002156,270,25.098144513487046,0.7885822554988051,51.99309999807156
002157,270,29.261802047030564,0.7500146324405074,48.327699998480966
002165,270,31.936354617339376,0.8364951987092495,48.63109999860171
002170,270,31.57757079599086,0.9300759716029167,49.283300002571195
002187,270,32.01728579088496,0.906239055626452,45.67690000112634
002189,270,24.348591478535354,0.7827695709625886,49.21230000036303
002213,270,34.48332880280726,0.8654437718253136,44.860599999083206
002215,270,33.64259213561587,0.8603676985297203,48.562400002992945
002218,270,37.63252407283338,0.9273898811874389,47.60580000220216
002225,270,42.0420060375686,0.9656299763116837,47.87020000003395
002226,270,41.53113199654272,0.9666523115429878,47.14459999740939
002229,270,32.25505757122302,0.8525105231851935,50.56630000035511
002237,270,23.552132111757523,0.813968254290998,56.21410000094329
002239,270,22.427782017291705,0.7817947971786559,49.2365999998583
002248,270,22.786477205084473,0.8154300462236759,52.003299999341834
002253,270,26.004990817294757,0.5710068997213692,47.17579999851296
002255,270,25.86925443434556,0.5703549121086784,53.38880000272184
002258,270,20.58214011640667,0.8411893499787338,47.916799998347415
002260,270,21.755008872403423,0.7438116210772805,51.38559999977588
002263,270,32.776519745779694,0.8757583007625341,49.491900001157774
002275,270,37.316970594173966,0.9431318628416657,52.293400000053225
002290,270,29.977297375159257,0.8740460994393751,48.88850000133971
002294,270,24.701467985238654,0.7881912785050385,49.00120000093011
002297,270,29.563086492907654,0.8223340237920285,45.60560000027181
002299,270,28.321339523603356,0.7715407177282124,45.44729999906849
002305,270,27.14824936352549,0.6197672910628226,46.597900000051595
002314,270,27.9046385941704,0.8934137946751117,45.33120000269264
002318,270,19.252159791474405,0.6517951900017648,46.854100000928156
002328,270,24.116840858774005,0.5805806604149257,47.62190000110422
002335,270,35.48856862724457,0.8433056081228256,49.651299999823095
002344,270,30.64177390572582,0.9204171086916327,53.065100000821985
002348,270,27.681735544515604,0.8831328766577243,56.900100000348175
002356,270,30.39330384993248,0.8907147904513478,52.96950000047218
002359,270,42.27848628808718,0.9812499962129593,48.16180000125314
002361,270,24.824684881230965,0.8192628893270847,45.78440000113915
002364,270,26.81464302475387,0.7725314052927643,52.7178999982425
002365,270,33.468459876893604,0.957538203938961,52.53859999720589
002377,270,25.016059213389216,0.7308481773219071,53.61600000105682
002383,270,26.31754675346722,0.4366501247170443,49.871700000949204
002396,270,26.018134214405325,0.7774987138159349,53.37579999832087
002406,270,33.42117954948023,0.9075906426336765,51.8326999990677
002407,270,34.234831063280204,0.922131198460102,52.8057000010449
002410,270,21.895897234918003,0.7083891348841973,46.540100000129314
002420,270,32.87354833527847,0.7978661652543545,50.345300001936266
002423,270,32.47410106433341,0.900277016687736,49.96250000112923
002424,270,36.342986262835254,0.9292265341858864,45.838499998353655
002431,270,26.82920376312935,0.7414183057676181,45.66820000036387
002440,270,28.58563133597066,0.8389111699096963,49.59880000023986
002452,270,33.681305367832685,0.906664915045619,49.61140000159503
002455,270,28.45982905844832,0.8865189893125296,52.86000000342028
002459,270,24.386854541066402,0.8560553497911095,48.15650000091409
002464,270,32.64077354144661,0.6920945285153389,45.833200001652585
002471,270,28.235221352470653,0.4640465186165571,48.54369999884511
002476,270,28.889056724291873,0.7528709938944131,47.771000001375796
002480,270,25.528798697951096,0.7740499239009349,48.13350000040373
002491,270,29.710554969728452,0.6415793739979267,49.351599998772144
002497,270,30.62538297254975,0.7476381120631694,47.34209999878658
002499,270,31.122013588612262,0.7590871926383227,50.001999999949476
002500,270,27.367201762412684,0.8626687721989378,48.49110000213841
002508,270,26.917147301874067,0.7519854122179002,51.00339999989956
002513,270,31.024282941902484,0.934108767695427,54.616100002021994
002514,270,30.32154304895591,0.9215801521734,48.807399998622714
002529,270,35.91024224193725,0.9510461221294403,48.14970000006724
002535,270,18.02457740524767,0.5208805442048801,48.72140000225045
002545,270,26.967228961380997,0.7473285165322162,52.225999999791384
002548,270,26.31678571157376,0.7594509203853642,50.449799997295486
002555,270,29.75170905204342,0.6398507091462612,55.32939999829978
002567,270,24.985203863659432,0.5008455031099137,49.193800001376076
002570,270,27.079709008886677,0.49924743589337545,52.58069999763393
002571,270,27.619518689945153,0.5012030876894947,61.535500000900356
002572,270,33.00063509041614,0.9400840280338526,54.10130000018398
002591,270,27.13291580150323,0.8821052075926215,52.6908000028925
002607,270,22.78469672835101,0.29349583448841654,47.3736000021745
002608,270,34.609043281306434,0.9232191176168919,46.6348999980255
002609,270,31.148882427509644,0.9311512300159931,51.06290000185254
002614,270,31.49328673125083,0.862275273601532,51.65879999913159
002616,270,23.313585619124527,0.7064982147926825,57.93529999937164
002622,270,30.77055154136778,0.8004835063531548,47.81179999918095
002623,270,30.013577148324085,0.7842364363521338,51.25129999942146
002632,270,25.49276996526608,0.7830818672198094,53.965300001436844
002635,270,20.712276813133702,0.38042621546405986,55.73720000029425
002642,270,21.908638788746217,0.720542683117622,47.39990000234684
002645,270,33.76109576334703,0.8988042633297444,50.31139999846346
002648,270,28.960592943275557,0.770058457989606,49.49990000022808
002659,270,30.850328735267762,0.8200159378840923,48.82970000107889
002665,270,26.957641364465175,0.8045202681027204,46.81740000160062
002669,270,25.118039247618537,0.754598291384779,48.954600002616644
002670,270,25.945912945862393,0.7542620410010461,50.8497000009811
002676,270,29.803265617239262,0.7173565910944941,52.49710000134655
002685,270,31.366235088451386,0.9296931979794001,45.72600000028615
002686,270,31.032143013372924,0.9236047483117581,45.14719999860972
002702,270,34.55735115092726,0.8512442160158157,47.672400000010384
002706,270,22.59258847710811,0.8367969824773595,47.529400002531474
002709,270,28.266762219965837,0.7467720167700816,47.15580000265618
002713,270,20.411197960789455,0.375160152484384,51.8549999978859
002715,270,20.286007105627178,0.37118603755067625,48.51960000087274
002717,270,26.98403937005129,0.8217137629730403,49.93850000028033
002720,270,21.465025226709745,0.7794496922279857,50.44450000059442
002743,270,19.69800166441146,0.6204951031134031,49.416800000471994
002750,270,25.408802009811527,0.6971322149010301,47.047700001712656
002757,270,23.188215461297325,0.3920148897472149,45.361600001342595
002769,270,24.426048620544822,0.4717509725029967,49.90360000010696
002775,270,27.19517518632243,0.8094957417253256,45.82529999970575
002778,270,22.451339677910276,0.7754161374961193,47.49739999897429
002781,270,23.804771427922358,0.779453135737121,48.90449999948032
002782,270,24.042117602167515,0.784859382776171,55.833200000051875
002798,270,29.224979900300422,0.5333812545137405,47.9109999978391
002804,270,27.38022131505634,0.7576476796405166,49.42819999996573
002811,270,29.61183104975642,0.7055349328141213,52.19200000283308
002817,270,29.944349030604144,0.7469624826156367,51.55440000089584
002827,270,22.976043909084588,0.5817970720995986,50.447499997972045
002828,270,35.83996505247355,0.9520672344722748,50.159400001575705
002836,270,32.238400250160446,0.9510644023935795,46.54550000122981
002838,270,36.23179751103969,0.946290983968258,46.49779999817838
002839,270,35.61986348223434,0.9426222438287735,52.634399999078596
002845,270,28.91658579808915,0.7719968398615867,54.746200003137346
002846,270,28.176520721428865,0.7577133558882847,54.52990000048885
002847,270,30.386255177315466,0.7912123104531765,51.19280000144499
002857,270,37.745696685798315,0.9005606328248977,50.014299999020295
002859,270,37.556379730255514,0.8924926705274582,50.68529999698512
002863,270,25.252806831071734,0.7999205588584076,65.55149999985588
002864,270,27.255673424664735,0.7881042484366325,47.74370000086492
002865,270,29.045943591125486,0.7971825969156623,49.86600000120234
002869,270,34.18396684746428,0.8269826291499883,50.130100000387756
002882,270,29.304141217610994,0.8418698499595627,57.088900000962894
002894,270,32.7632049771952,0.7713024429659844,45.787700000801124
002900,270,23.87678022441466,0.8171337597348839,49.527700000908226
002921,270,29.092991052055453,0.780009828905046,46.525000001565786
002925,270,22.240807844608565,0.2926990848901495,47.22020000190241
002926,270,21.426655529017943,0.2827013826342886,56.38199999884819
002930,270,21.9366998019282,0.559535037407364,48.172700000577606
002936,270,31.9423376494254,0.9039179066257477,48.18449999947916
002942,270,26.9243436348466,0.6400386766596213,47.734800002217526
002943,270,26.95315824574138,0.6192561426561997,47.43390000294312
002958,270,26.809976572503476,0.7153803975112215,46.750000001338776
002967,270,28.371026732500017,0.8620710971397534,50.92789999980596
002983,270,10.89333883122725,0.3182040579753946,50.152499999967404
002998,270,30.092976976767645,0.7180235879946482,49.6768000011798
002999,270,31.0696188148618,0.7670842758211494,46.65730000124313
003007,270,24.20306218296167,0.8029988357175346,48.9902000008442
003010,270,25.76324973752646,0.5399778563967429,50.06109999885666
003021,270,24.401247324980186,0.829182531819582,47.49760000049719
003027,270,29.2252130618645,0.6271903813060224,53.45830000078422
003043,270,25.901774204301876,0.8669613670408912,54.4545000011567
003047,270,30.99560993220535,0.6331528056693078,47.676499998488
003063,270,32.1587273657838,0.9386523856987953,54.572799999732524
003065,270,28.43643975556448,0.8588569320435524,52.0966000003682
003068,270,27.144549716094403,0.8543832457649652,52.201200000126846
003072,270,25.036390556165117,0.8747066308532804,51.53549999886309
003073,270,33.77783869106499,0.878949420616746,48.608500001137145
003076,270,26.02379832060437,0.8172514538826998,47.55310000109603
003080,270,29.81725064352426,0.8861204948325455,45.92700000284822
003081,270,29.201603526683225,0.8033197942287847,49.10150000068825
003082,270,28.34795449070478,0.7682865688354497,48.21090000041295
003095,270,25.027769709756814,0.7087778932498005,49.83650000212947
003099,270,25.599240334886012,0.7314254616735237,49.155299999256385
003109,270,29.46498550334667,0.8139899496913869,50.046199998178054
003110,270,28.86814005114275,0.7945477302739751,47.88629999893601
003129,270,30.93253618532775,0.622484084436059,51.87780000051134
003136,270,22.99647650931625,0.710427880270049,52.954000002500834
003160,270,26.070624120146935,0.7988530022814171,48.415000001114095
003163,270,24.14471023735888,0.7807461477863267,51.1049999986426
003166,270,28.36777182007011,0.8609211021119207,49.48309999963385
003169,270,31.73329447561661,0.7932994759984017,47.41920000014943
003177,270,22.20315953990869,0.7210991492002797,46.500899999955436
003186,270,25.143326681345588,0.8342838817289173,45.86900000140304
003193,270,28.036430250748218,0.8878644695254667,50.94200000166893
